/* GENERATED by tools/tflite_to_c.py from ml/artifacts/marvin_s_int8.tflite. Do not edit. */
#include "model_data.h"

const unsigned char g_model_s[] __attribute__((aligned(16))) = {
    0x1c, 0x00, 0x00, 0x00, 0x54, 0x46, 0x4c, 0x33, 0x14, 0x00, 0x20, 0x00, 0x1c, 0x00, 0x18, 0x00,
    0x14, 0x00, 0x10, 0x00, 0x0c, 0x00, 0x00, 0x00, 0x08, 0x00, 0x04, 0x00, 0x14, 0x00, 0x00, 0x00,
    0x1c, 0x00, 0x00, 0x00, 0x90, 0x00, 0x00, 0x00, 0xe8, 0x00, 0x00, 0x00, 0xec, 0x12, 0x00, 0x00,
    0xfc, 0x12, 0x00, 0x00, 0xf4, 0x3d, 0x00, 0x00, 0x03, 0x00, 0x00, 0x00, 0x01, 0x00, 0x00, 0x00,
    0x10, 0x00, 0x00, 0x00, 0x00, 0x00, 0x0a, 0x00, 0x10, 0x00, 0x0c, 0x00, 0x08, 0x00, 0x04, 0x00,
    0x0a, 0x00, 0x00, 0x00, 0x0c, 0x00, 0x00, 0x00, 0x1c, 0x00, 0x00, 0x00, 0x3c, 0x00, 0x00, 0x00,
    0x0f, 0x00, 0x00, 0x00, 0x73, 0x65, 0x72, 0x76, 0x69, 0x6e, 0x67, 0x5f, 0x64, 0x65, 0x66, 0x61,
    0x75, 0x6c, 0x74, 0x00, 0x01, 0x00, 0x00, 0x00, 0x04, 0x00, 0x00, 0x00, 0x98, 0xff, 0xff, 0xff,
    0x1a, 0x00, 0x00, 0x00, 0x04, 0x00, 0x00, 0x00, 0x08, 0x00, 0x00, 0x00, 0x6f, 0x75, 0x74, 0x70,
    0x75, 0x74, 0x5f, 0x30, 0x00, 0x00, 0x00, 0x00, 0x01, 0x00, 0x00, 0x00, 0x04, 0x00, 0x00, 0x00,
    0xaa, 0xed, 0xff, 0xff, 0x04, 0x00, 0x00, 0x00, 0x06, 0x00, 0x00, 0x00, 0x6c, 0x6f, 0x67, 0x6d,
    0x65, 0x6c, 0x00, 0x00, 0x02, 0x00, 0x00, 0x00, 0x34, 0x00, 0x00, 0x00, 0x04, 0x00, 0x00, 0x00,
    0xdc, 0xff, 0xff, 0xff, 0x1d, 0x00, 0x00, 0x00, 0x04, 0x00, 0x00, 0x00, 0x13, 0x00, 0x00, 0x00,
    0x43, 0x4f, 0x4e, 0x56, 0x45, 0x52, 0x53, 0x49, 0x4f, 0x4e, 0x5f, 0x4d, 0x45, 0x54, 0x41, 0x44,
    0x41, 0x54, 0x41, 0x00, 0x08, 0x00, 0x0c, 0x00, 0x08, 0x00, 0x04, 0x00, 0x08, 0x00, 0x00, 0x00,
    0x1c, 0x00, 0x00, 0x00, 0x04, 0x00, 0x00, 0x00, 0x13, 0x00, 0x00, 0x00, 0x6d, 0x69, 0x6e, 0x5f,
    0x72, 0x75, 0x6e, 0x74, 0x69, 0x6d, 0x65, 0x5f, 0x76, 0x65, 0x72, 0x73, 0x69, 0x6f, 0x6e, 0x00,
    0x1e, 0x00, 0x00, 0x00, 0x00, 0x12, 0x00, 0x00, 0xf8, 0x11, 0x00, 0x00, 0xe0, 0x11, 0x00, 0x00,
    0xbc, 0x11, 0x00, 0x00, 0x64, 0x11, 0x00, 0x00, 0xf4, 0x10, 0x00, 0x00, 0xa4, 0x0e, 0x00, 0x00,
    0x34, 0x0e, 0x00, 0x00, 0x4c, 0x0d, 0x00, 0x00, 0xdc, 0x0c, 0x00, 0x00, 0x8c, 0x0a, 0x00, 0x00,
    0x1c, 0x0a, 0x00, 0x00, 0x34, 0x09, 0x00, 0x00, 0xc4, 0x08, 0x00, 0x00, 0x74, 0x06, 0x00, 0x00,
    0x04, 0x06, 0x00, 0x00, 0x1c, 0x05, 0x00, 0x00, 0xac, 0x04, 0x00, 0x00, 0xdc, 0x00, 0x00, 0x00,
    0xd4, 0x00, 0x00, 0x00, 0xcc, 0x00, 0x00, 0x00, 0xc4, 0x00, 0x00, 0x00, 0xbc, 0x00, 0x00, 0x00,
    0xb4, 0x00, 0x00, 0x00, 0xac, 0x00, 0x00, 0x00, 0xa4, 0x00, 0x00, 0x00, 0x9c, 0x00, 0x00, 0x00,
    0x94, 0x00, 0x00, 0x00, 0x74, 0x00, 0x00, 0x00, 0x04, 0x00, 0x00, 0x00, 0x96, 0xee, 0xff, 0xff,
    0x04, 0x00, 0x00, 0x00, 0x60, 0x00, 0x00, 0x00, 0x0c, 0x00, 0x00, 0x00, 0x08, 0x00, 0x0e, 0x00,
    0x08, 0x00, 0x04, 0x00, 0x08, 0x00, 0x00, 0x00, 0x10, 0x00, 0x00, 0x00, 0x28, 0x00, 0x00, 0x00,
    0x00, 0x00, 0x06, 0x00, 0x08, 0x00, 0x04, 0x00, 0x06, 0x00, 0x00, 0x00, 0x04, 0x00, 0x00, 0x00,
    0x01, 0x00, 0x00, 0x00, 0xeb, 0x03, 0x00, 0x00, 0x0c, 0x00, 0x18, 0x00, 0x14, 0x00, 0x10, 0x00,
    0x0c, 0x00, 0x04, 0x00, 0x0c, 0x00, 0x00, 0x00, 0x20, 0xe1, 0x20, 0xfa, 0x18, 0xf7, 0xe5, 0x73,
    0x02, 0x00, 0x00, 0x00, 0x02, 0x00, 0x00, 0x00, 0x04, 0x00, 0x00, 0x00, 0x06, 0x00, 0x00, 0x00,
    0x32, 0x2e, 0x32, 0x31, 0x2e, 0x30, 0x00, 0x00, 0x02, 0xef, 0xff, 0xff, 0x04, 0x00, 0x00, 0x00,
    0x10, 0x00, 0x00, 0x00, 0x31, 0x2e, 0x31, 0x34, 0x2e, 0x30, 0x00, 0x00, 0x00, 0x00, 0x00, 0x00,
    0x00, 0x00, 0x00, 0x00, 0xf0, 0xc4, 0xff, 0xff, 0xf4, 0xc4, 0xff, 0xff, 0xf8, 0xc4, 0xff, 0xff,
    0xfc, 0xc4, 0xff, 0xff, 0x00, 0xc5, 0xff, 0xff, 0x04, 0xc5, 0xff, 0xff, 0x08, 0xc5, 0xff, 0xff,
    0x0c, 0xc5, 0xff, 0xff, 0x10, 0xc5, 0xff, 0xff, 0x42, 0xef, 0xff, 0xff, 0x04, 0x00, 0x00, 0x00,
    0xc0, 0x03, 0x00, 0x00, 0x7f, 0x37, 0x13, 0x2a, 0x5c, 0x1d, 0xfc, 0x10, 0x4c, 0x17, 0xf5, 0x03,
    0x17, 0x07, 0x03, 0xe4, 0xfa, 0x0e, 0x0b, 0xd2, 0x1b, 0x0e, 0xf2, 0xce, 0xfd, 0xf9, 0x01, 0xeb,
    0xea, 0xda, 0xc2, 0xd1, 0xd4, 0xf5, 0xaf, 0x9f, 0xd5, 0xb7, 0xda, 0xcb, 0x9f, 0xe3, 0x0d, 0xd0,
    0xd7, 0xe1, 0xd6, 0xab, 0xcc, 0xd0, 0xd9, 0xe5, 0x0d, 0xf6, 0xe9, 0xd5, 0x22, 0x2a, 0xfd, 0xe8,
    0x5e, 0x34, 0xed, 0xdf, 0x6a, 0x1f, 0x33, 0x22, 0x44, 0x3e, 0x2e, 0x0b, 0x53, 0x5a, 0x38, 0x1e,
    0x7f, 0x21, 0x73, 0x60, 0xc8, 0x83, 0x91, 0x86, 0xe5, 0xed, 0x92, 0x81, 0x0e, 0xe9, 0xb9, 0xaf,
    0x40, 0xe1, 0xe9, 0xc4, 0x5e, 0x28, 0x23, 0x23, 0x7d, 0x76, 0x4e, 0x4a, 0x5a, 0x17, 0x19, 0x27,
    0xf5, 0x30, 0x29, 0x33, 0xe4, 0xff, 0x2d, 0x0d, 0xbf, 0xe3, 0x0b, 0x2a, 0x1c, 0xc2, 0xe8, 0xc3,
    0x15, 0xfd, 0x11, 0xea, 0x12, 0xed, 0x21, 0xf2, 0x03, 0x08, 0x2e, 0x07, 0x09, 0x1c, 0x2d, 0x1d,
    0xaa, 0x2f, 0x2a, 0x04, 0x81, 0xc9, 0xf1, 0xcd, 0xb0, 0x28, 0xe0, 0xe0, 0xaa, 0x0b, 0xe1, 0xdf,
    0xa1, 0xec, 0x2e, 0x1e, 0xe5, 0xc8, 0xed, 0xf7, 0xde, 0xf2, 0xdd, 0x00, 0xd2, 0xeb, 0xe0, 0x0d,
    0xcd, 0x0c, 0xe8, 0xff, 0xc7, 0x16, 0x06, 0x0e, 0x0a, 0x10, 0x13, 0xfa, 0x0d, 0x19, 0x15, 0xe5,
    0x4b, 0x2d, 0x04, 0xc6, 0x7f, 0x2e, 0x10, 0xd3, 0x61, 0x2e, 0xf6, 0xbd, 0xf4, 0xe7, 0xaa, 0xb2,
    0x50, 0x33, 0xc4, 0xcb, 0x21, 0x1b, 0xd9, 0x81, 0x43, 0x5b, 0xf1, 0xb0, 0x26, 0x31, 0xeb, 0xa5,
    0x35, 0x6a, 0xf0, 0xdd, 0x45, 0x52, 0x35, 0xe8, 0x16, 0x48, 0x69, 0x2a, 0xf9, 0x3f, 0x4b, 0x40,
    0xf0, 0x17, 0x07, 0x5c, 0xe7, 0xe1, 0xe5, 0xe2, 0xf1, 0xf8, 0xff, 0xed, 0xef, 0x15, 0x06, 0xf7,
    0xee, 0x03, 0x14, 0x03, 0xf2, 0x0e, 0x23, 0x0e, 0xfd, 0x11, 0x50, 0x16, 0xfa, 0x2c, 0x7f, 0x2d,
    0x18, 0xfa, 0x30, 0x43, 0x09, 0xd9, 0x15, 0x0c, 0xee, 0xf0, 0x10, 0xe9, 0xd6, 0x18, 0x31, 0xf4,
    0x1d, 0xf7, 0x02, 0x01, 0x12, 0xeb, 0xae, 0xfb, 0xdd, 0xe2, 0xd6, 0x22, 0x0c, 0x14, 0xe3, 0x30,
    0xf1, 0xec, 0x9c, 0x8d, 0xad, 0x81, 0x15, 0xaa, 0xe9, 0x8c, 0x51, 0xb4, 0xfa, 0xd5, 0x02, 0xdd,
    0x51, 0xdc, 0x17, 0x91, 0xe0, 0xf6, 0xd7, 0xef, 0xfb, 0x13, 0xde, 0x09, 0x5d, 0x19, 0xe0, 0xd0,
    0x62, 0x04, 0xff, 0x08, 0x1a, 0x10, 0xe0, 0xe2, 0x12, 0xfa, 0x11, 0x0f, 0xd2, 0xda, 0x1d, 0x3b,
    0xca, 0x0e, 0x44, 0x5f, 0xec, 0x11, 0x48, 0x7d, 0x07, 0x65, 0x7f, 0x75, 0xe4, 0x81, 0xf8, 0xbd,
    0x11, 0xbb, 0x17, 0x0c, 0x2a, 0xf9, 0x33, 0x2b, 0x10, 0xcf, 0x2d, 0x20, 0x1d, 0xd8, 0x15, 0xf5,
    0x08, 0xe8, 0x00, 0x11, 0x17, 0x06, 0xfc, 0xd7, 0x20, 0xe3, 0xf2, 0xda, 0x18, 0x05, 0xdc, 0xb0,
    0x26, 0xef, 0xfe, 0xdf, 0x7f, 0x22, 0x07, 0x50, 0x3a, 0x11, 0x05, 0x58, 0x4d, 0x19, 0x1e, 0x31,
    0x25, 0x02, 0xf3, 0xfd, 0x33, 0x0e, 0x20, 0x2a, 0x08, 0xf0, 0x1d, 0x13, 0xe9, 0xd4, 0xeb, 0x1f,
    0xf9, 0xd6, 0xf0, 0xfd, 0xe6, 0xbf, 0xfa, 0x13, 0xeb, 0xbd, 0xe9, 0xe3, 0x9d, 0xe3, 0xb7, 0xe5,
    0xeb, 0xfb, 0xfe, 0xe1, 0x08, 0x13, 0xde, 0xfa, 0x00, 0x22, 0xe5, 0x01, 0x5e, 0x5b, 0x19, 0xef,
    0x7f, 0x43, 0xfb, 0xcc, 0x67, 0x26, 0x0f, 0xd1, 0x66, 0x33, 0x2f, 0xfd, 0x21, 0x17, 0x05, 0xe2,
    0xf3, 0xf4, 0x12, 0xfd, 0xf4, 0xe3, 0xcc, 0xee, 0xeb, 0xf3, 0xe7, 0x44, 0xd3, 0xce, 0xc4, 0x23,
    0xd7, 0xfa, 0x07, 0x08, 0x90, 0xc0, 0xb1, 0x04, 0xb9, 0xf1, 0xd1, 0x09, 0xbd, 0x07, 0x4b, 0x60,
    0x08, 0x11, 0x5a, 0x6b, 0x4c, 0x38, 0x6c, 0x4c, 0x45, 0x6c, 0x7f, 0x6d, 0x1d, 0xe2, 0xef, 0xdc,
    0x02, 0xe2, 0x10, 0xe9, 0xd9, 0x1c, 0x02, 0x23, 0x02, 0x25, 0x24, 0x0f, 0x05, 0x0e, 0x1f, 0x10,
    0xe0, 0xb4, 0xca, 0xd2, 0xbd, 0xcf, 0xef, 0xaf, 0xd4, 0x81, 0x0e, 0xdd, 0x0d, 0x9d, 0xea, 0x98,
    0x22, 0xd1, 0xf1, 0xf8, 0xbf, 0x5c, 0x24, 0x7e, 0x89, 0x18, 0xf3, 0x7f, 0xbf, 0x07, 0x31, 0x51,
    0xe3, 0x07, 0x3d, 0x39, 0xff, 0x16, 0x34, 0x4d, 0xf5, 0xe3, 0x06, 0x68, 0xda, 0x00, 0xec, 0x38,
    0x9c, 0xdc, 0xef, 0x0f, 0xff, 0x15, 0x03, 0x38, 0xea, 0x5b, 0xe8, 0x07, 0x8a, 0x9d, 0x95, 0x01,
    0x81, 0xa1, 0x1e, 0x36, 0x94, 0x02, 0xe2, 0x3a, 0x2e, 0x67, 0x2a, 0x3d, 0xa8, 0x9d, 0xb3, 0x95,
    0xb3, 0x06, 0xe3, 0xbb, 0x0a, 0xf0, 0xc4, 0xd0, 0x4a, 0x4c, 0x0c, 0xbc, 0x67, 0x38, 0xd6, 0xc1,
    0x09, 0x0a, 0xe8, 0xc2, 0xb9, 0xe4, 0xe3, 0xfd, 0xba, 0xe4, 0xf0, 0x04, 0xab, 0xcf, 0xd4, 0xf4,
    0xd1, 0xce, 0xc2, 0xd1, 0xf8, 0xf1, 0xb5, 0xd6, 0x00, 0x0b, 0xd5, 0x03, 0x18, 0x29, 0x28, 0xea,
    0x2a, 0x7f, 0x39, 0xef, 0x62, 0x55, 0x4f, 0x2d, 0x38, 0x79, 0x5a, 0x0b, 0xdf, 0x81, 0x97, 0x3f,
    0xfb, 0x90, 0xe6, 0x68, 0xd5, 0xc2, 0xe9, 0x4c, 0xd9, 0xa4, 0x15, 0x58, 0xca, 0xd7, 0x19, 0x3f,
    0xd1, 0xf1, 0x36, 0x1e, 0x08, 0x0f, 0x39, 0x14, 0xfd, 0x53, 0x22, 0xe7, 0x52, 0x2a, 0xfd, 0xdc,
    0x5a, 0x2d, 0x32, 0xae, 0x13, 0x14, 0x0b, 0xdc, 0xee, 0x30, 0x1a, 0xed, 0xbb, 0x39, 0x14, 0xf4,
    0xb8, 0xf6, 0x27, 0xc0, 0xd7, 0x2e, 0x4f, 0x01, 0xdc, 0x5a, 0x7f, 0x34, 0x07, 0x22, 0x48, 0x35,
    0x05, 0xfd, 0x26, 0xe6, 0x06, 0xfa, 0x0e, 0xe1, 0x02, 0x08, 0x20, 0x06, 0x42, 0xff, 0x04, 0xdb,
    0x42, 0x0f, 0x14, 0xf0, 0x24, 0x06, 0x08, 0xf4, 0x2b, 0x13, 0xea, 0xc4, 0x1a, 0xf2, 0xc4, 0xa6,
    0x1a, 0x06, 0xf1, 0x0d, 0x0c, 0xde, 0xf6, 0xec, 0xe9, 0x12, 0x25, 0x07, 0xde, 0xf3, 0x0f, 0xf6,
    0x81, 0xc1, 0xe6, 0xfc, 0xf3, 0xf9, 0xfd, 0xe3, 0x2a, 0x28, 0xf0, 0xfd, 0xd0, 0x02, 0xc7, 0xbd,
    0xb1, 0xa2, 0x95, 0x81, 0xec, 0xec, 0xb3, 0xaa, 0x1c, 0x04, 0x13, 0xf8, 0x14, 0xf6, 0x01, 0xf4,
    0x20, 0xf5, 0xf9, 0xfb, 0x31, 0x07, 0x07, 0xca, 0x3f, 0x00, 0x14, 0x1a, 0xb7, 0xf9, 0x81, 0xf8,
    0xe3, 0xcf, 0xeb, 0x29, 0xe7, 0xf3, 0xe5, 0xfb, 0xc3, 0xc7, 0xac, 0xe0, 0xa6, 0xb0, 0xbe, 0x90,
    0xa6, 0xd2, 0xef, 0xda, 0xe8, 0x10, 0xf4, 0x1e, 0xe3, 0x23, 0x10, 0x00, 0x00, 0x03, 0x2a, 0x35,
    0x30, 0xfc, 0x10, 0x0f, 0x2c, 0xc9, 0xf4, 0x5b, 0x02, 0xa9, 0xe6, 0x46, 0xb3, 0x81, 0xd2, 0x22,
    0xcd, 0x9f, 0xe8, 0x25, 0xcc, 0xb4, 0xe2, 0x25, 0xc7, 0xd2, 0xed, 0x30, 0xfa, 0x11, 0xf6, 0x5b,
    0xe8, 0x07, 0xec, 0x11, 0xff, 0x1c, 0x04, 0x33, 0xfa, 0xff, 0xe1, 0xfc, 0xbb, 0x08, 0x3b, 0xec,
    0xac, 0x3a, 0x14, 0x2a, 0xe2, 0x39, 0x7f, 0x43, 0x00, 0x5c, 0x7c, 0x53, 0xfd, 0x12, 0x55, 0x4f,
    0xe4, 0xfc, 0xf7, 0x16, 0x0f, 0x03, 0x0b, 0x1e, 0x15, 0xea, 0xd4, 0x08, 0xf1, 0xd7, 0xd1, 0xbb,
    0x04, 0xad, 0xbd, 0xf5, 0x0e, 0xf3, 0xff, 0xff, 0x04, 0x00, 0x00, 0x00, 0x60, 0x00, 0x00, 0x00,
    0x5e, 0x0b, 0x00, 0x00, 0xa6, 0xfb, 0xff, 0xff, 0x15, 0xfa, 0xff, 0xff, 0x56, 0x00, 0x00, 0x00,
    0x6c, 0x04, 0x00, 0x00, 0xe1, 0x06, 0x00, 0x00, 0x70, 0xf5, 0xff, 0xff, 0xde, 0x18, 0x00, 0x00,
    0x76, 0x23, 0x00, 0x00, 0xa7, 0xfa, 0xff, 0xff, 0x33, 0x03, 0x00, 0x00, 0x45, 0x00, 0x00, 0x00,
    0xf1, 0xfd, 0xff, 0xff, 0xde, 0xff, 0xff, 0xff, 0xe4, 0x1f, 0x00, 0x00, 0x54, 0xfe, 0xff, 0xff,
    0xdc, 0xf7, 0xff, 0xff, 0x70, 0xfc, 0xff, 0xff, 0xe5, 0x14, 0x00, 0x00, 0x52, 0x05, 0x00, 0x00,
    0x1b, 0x05, 0x00, 0x00, 0x69, 0x38, 0x00, 0x00, 0x84, 0xfe, 0xff, 0xff, 0x6d, 0x00, 0x00, 0x00,
    0x7a, 0xf3, 0xff, 0xff, 0x04, 0x00, 0x00, 0x00, 0xd8, 0x00, 0x00, 0x00, 0x54, 0x89, 0x0e, 0xd1,
    0x05, 0x02, 0x81, 0x53, 0x49, 0x88, 0x7f, 0x19, 0xbe, 0xa1, 0x15, 0x17, 0xab, 0x8d, 0x3b, 0x7f,
    0x0a, 0x39, 0x87, 0x1b, 0x7f, 0xf8, 0x0d, 0xef, 0x16, 0xfe, 0x15, 0x05, 0xe3, 0x6a, 0xea, 0xd8,
    0x17, 0xb1, 0xd2, 0x39, 0x19, 0x5e, 0x4f, 0xdb, 0xe7, 0x17, 0xd5, 0xc6, 0xd5, 0x72, 0x81, 0xcc,
    0xbe, 0x7f, 0x93, 0xd7, 0xae, 0x81, 0xe4, 0xe0, 0x33, 0x00, 0x58, 0xfa, 0xcf, 0x3f, 0xf0, 0x9a,
    0x0a, 0x8e, 0x3d, 0x16, 0x48, 0x81, 0xf9, 0x81, 0xfd, 0xf5, 0x17, 0x81, 0x37, 0x2b, 0xdc, 0x7f,
    0xe3, 0xed, 0x02, 0x7f, 0xc7, 0x81, 0xb2, 0xdd, 0xce, 0x7f, 0x39, 0x15, 0xec, 0x62, 0xcf, 0x40,
    0x34, 0xbf, 0xfc, 0x94, 0xd8, 0xf0, 0x14, 0xf2, 0x10, 0xe7, 0x63, 0x26, 0x81, 0x4f, 0x63, 0x1b,
    0x53, 0xb3, 0x97, 0xd4, 0xff, 0x2d, 0x96, 0x04, 0xc0, 0xd4, 0xf1, 0x71, 0x96, 0x04, 0x25, 0xea,
    0x7f, 0x81, 0x78, 0x23, 0xe6, 0x25, 0x54, 0xca, 0x42, 0x06, 0xc0, 0x7f, 0xcf, 0xcf, 0xb1, 0xcf,
    0x7f, 0x19, 0x64, 0xe6, 0x47, 0x17, 0x04, 0x06, 0x51, 0x67, 0x81, 0xa3, 0xc0, 0xb5, 0xf4, 0xeb,
    0x47, 0x5e, 0x0a, 0x03, 0x13, 0x7e, 0xea, 0x03, 0xc5, 0xdb, 0x0b, 0xc4, 0x7f, 0x41, 0xc0, 0x13,
    0x3c, 0xf4, 0x08, 0x11, 0xb9, 0x00, 0x81, 0xf6, 0x5f, 0x27, 0xef, 0xfe, 0xee, 0xac, 0xfa, 0xf9,
    0xc5, 0xeb, 0x6a, 0x43, 0xea, 0xa7, 0xf1, 0xf6, 0x13, 0x01, 0x09, 0x2e, 0x2a, 0xe6, 0xd3, 0x95,
    0x7f, 0xcc, 0x81, 0xfd, 0x5e, 0xf4, 0xff, 0xff, 0x04, 0x00, 0x00, 0x00, 0x60, 0x00, 0x00, 0x00,
    0xbd, 0xfb, 0xff, 0xff, 0xfa, 0xff, 0xff, 0xff, 0x40, 0x06, 0x00, 0x00, 0x99, 0x06, 0x00, 0x00,
    0x4a, 0x02, 0x00, 0x00, 0x61, 0xff, 0xff, 0xff, 0x77, 0xff, 0xff, 0xff, 0x1c, 0x02, 0x00, 0x00,
    0xfb, 0xfe, 0xff, 0xff, 0x7e, 0x04, 0x00, 0x00, 0xbe, 0xfe, 0xff, 0xff, 0xb0, 0xff, 0xff, 0xff,
    0xbc, 0xfa, 0xff, 0xff, 0xc8, 0x0a, 0x00, 0x00, 0x45, 0xfb, 0xff, 0xff, 0xfb, 0xf7, 0xff, 0xff,
    0xb0, 0x09, 0x00, 0x00, 0x5c, 0x01, 0x00, 0x00, 0x9e, 0xfd, 0xff, 0xff, 0xb3, 0x04, 0x00, 0x00,
    0x81, 0xf3, 0xff, 0xff, 0xef, 0xfb, 0xff, 0xff, 0x34, 0x0e, 0x00, 0x00, 0x22, 0xfd, 0xff, 0xff,
    0xca, 0xf4, 0xff, 0xff, 0x04, 0x00, 0x00, 0x00, 0x40, 0x02, 0x00, 0x00, 0x11, 0xbf, 0x0d, 0x06,
    0x2f, 0x2e, 0xb8, 0x81, 0xf7, 0x5c, 0x6f, 0x95, 0x28, 0xdf, 0xff, 0xf5, 0x51, 0xdb, 0x15, 0xe1,
    0x31, 0x10, 0xfe, 0x56, 0xde, 0x3d, 0xc5, 0x2c, 0xf6, 0xcb, 0xe0, 0xf2, 0x15, 0xdf, 0xd2, 0x81,
    0xd6, 0x39, 0x5b, 0x1e, 0xec, 0xda, 0xe9, 0x01, 0xae, 0x73, 0xc4, 0xf7, 0xb9, 0x26, 0xa1, 0x39,
    0xbf, 0xea, 0xde, 0x7d, 0x54, 0x88, 0x01, 0x7f, 0xdf, 0xf6, 0xb9, 0x28, 0xb7, 0xdd, 0x87, 0x83,
    0x46, 0x22, 0x4c, 0xb6, 0xed, 0x1c, 0x06, 0xed, 0xd3, 0x81, 0x21, 0x33, 0x01, 0x33, 0xed, 0xf4,
    0x69, 0xc0, 0xe6, 0x3e, 0xc0, 0x1a, 0xd2, 0x02, 0xd8, 0x2d, 0xad, 0xd5, 0x07, 0x18, 0x94, 0xf4,
    0xbd, 0x14, 0x35, 0xf7, 0x14, 0xee, 0x2f, 0xe3, 0xf7, 0xec, 0xe1, 0xcc, 0x81, 0xd6, 0xe4, 0x0f,
    0xe3, 0xfe, 0x4a, 0xd3, 0x43, 0xd5, 0x81, 0xdf, 0xed, 0x0b, 0xdd, 0xef, 0xf2, 0x44, 0x99, 0xe8,
    0xee, 0x21, 0x4a, 0x2d, 0xb6, 0xe7, 0x1d, 0xf2, 0xf6, 0x3b, 0x1b, 0xee, 0x92, 0x95, 0xfd, 0xc5,
    0xb8, 0xc7, 0x44, 0xf7, 0xff, 0xdd, 0x43, 0x4b, 0x07, 0xe4, 0x3e, 0x54, 0xa6, 0x0b, 0x64, 0xc3,
    0xf3, 0xcc, 0xbb, 0x81, 0xf3, 0xe2, 0x3c, 0xe5, 0xe7, 0xc3, 0x3c, 0x10, 0xa7, 0x01, 0x2a, 0xdb,
    0x21, 0x7f, 0x20, 0x36, 0xf2, 0x30, 0x2d, 0x3d, 0xa3, 0xae, 0xd2, 0x35, 0xf1, 0x33, 0xe9, 0xdf,
    0xc3, 0xda, 0xe6, 0xf3, 0xd3, 0x3c, 0x81, 0x5b, 0x8f, 0x2c, 0xe6, 0x28, 0xed, 0x28, 0x15, 0xed,
    0xf3, 0x23, 0x13, 0x55, 0xd4, 0xf3, 0xa4, 0x48, 0xc2, 0x18, 0x33, 0xd2, 0xf7, 0x69, 0x27, 0xd8,
    0x72, 0xa7, 0xc0, 0x81, 0xb3, 0x07, 0xf5, 0xaf, 0xff, 0xe3, 0xf8, 0xf4, 0xcc, 0xde, 0xff, 0x46,
    0x1e, 0xd0, 0x09, 0xf8, 0x81, 0x0d, 0xfe, 0xe1, 0xc0, 0xe7, 0xec, 0xde, 0x02, 0xba, 0x00, 0x0b,
    0xb9, 0xe2, 0x0b, 0x1b, 0xae, 0x88, 0x05, 0x61, 0xb2, 0x2f, 0x81, 0xff, 0x60, 0x1a, 0xa2, 0x20,
    0xfb, 0x0d, 0x26, 0x8d, 0xca, 0xab, 0x3c, 0x03, 0x4f, 0x93, 0xea, 0x2a, 0x0d, 0xf8, 0x09, 0x7f,
    0x1e, 0xd9, 0x0d, 0xb5, 0x08, 0xf4, 0xe2, 0xbf, 0x46, 0x25, 0xeb, 0x1e, 0xa8, 0xd0, 0x1a, 0x2a,
    0xea, 0x17, 0xf0, 0xa0, 0xf1, 0xfc, 0x7f, 0x25, 0xf4, 0xb8, 0x98, 0xd6, 0x18, 0x2e, 0xe6, 0x16,
    0xcf, 0x0e, 0x19, 0x1a, 0x1f, 0x55, 0x2c, 0x8c, 0xc3, 0xe0, 0x24, 0x2b, 0x0e, 0xc6, 0x3e, 0xf4,
    0xd3, 0x4e, 0x53, 0x04, 0x68, 0x42, 0x53, 0x30, 0xaf, 0x4f, 0xcb, 0x69, 0x2e, 0xf9, 0x70, 0xd5,
    0x11, 0xb6, 0x7f, 0xde, 0x14, 0x76, 0xef, 0x39, 0x2e, 0x16, 0xfc, 0x05, 0x0d, 0x7a, 0x72, 0x1d,
    0xeb, 0xfe, 0xe0, 0xf8, 0xca, 0xdd, 0x3f, 0xff, 0x18, 0x25, 0x81, 0x1f, 0x10, 0x81, 0x2c, 0x13,
    0x5c, 0xeb, 0xec, 0xbe, 0x1f, 0x0b, 0xdb, 0x54, 0x93, 0xbb, 0x91, 0x04, 0xc9, 0xec, 0xd5, 0x1d,
    0xba, 0x0a, 0xed, 0xff, 0xb7, 0x0f, 0x81, 0xc1, 0x39, 0x34, 0xae, 0xd5, 0x95, 0xf7, 0x55, 0xe2,
    0x55, 0x56, 0xdf, 0xaa, 0x06, 0xd4, 0xee, 0xb3, 0x1e, 0x8a, 0x37, 0x13, 0x3f, 0x32, 0xfa, 0xcc,
    0x7f, 0x5f, 0xdb, 0xd5, 0x5d, 0x27, 0xd5, 0x5d, 0xf1, 0x3d, 0x4e, 0x34, 0x05, 0x0a, 0x06, 0xa4,
    0xe6, 0x3e, 0x9c, 0xf1, 0x30, 0xc4, 0xa9, 0x6f, 0x1f, 0x2a, 0x39, 0x62, 0x67, 0xe9, 0x0b, 0x50,
    0xef, 0xec, 0x32, 0x02, 0x9a, 0x37, 0x9b, 0x77, 0x35, 0x10, 0x7f, 0x1b, 0x22, 0x56, 0x0a, 0x81,
    0xed, 0xf0, 0x02, 0xba, 0x3b, 0x2c, 0xb8, 0xc6, 0x35, 0xfd, 0xd9, 0x03, 0xfe, 0x6b, 0xe9, 0x14,
    0x4b, 0x4a, 0x40, 0x03, 0x32, 0xf6, 0x2f, 0x0d, 0x31, 0xe5, 0xbb, 0xfc, 0x81, 0xe9, 0x37, 0x25,
    0xae, 0xd4, 0xfc, 0xb7, 0x3d, 0xe1, 0x19, 0xfc, 0xe2, 0xd2, 0x1a, 0x20, 0xba, 0x7f, 0x1b, 0x11,
    0x4f, 0x1e, 0x50, 0xd3, 0xb1, 0xaa, 0x4c, 0xf2, 0x2f, 0x98, 0xfc, 0xc0, 0xf5, 0xec, 0x4c, 0x45,
    0x1a, 0x30, 0xf2, 0x04, 0xc0, 0x03, 0x29, 0xeb, 0x2a, 0x26, 0x44, 0xd6, 0xf1, 0xd2, 0xa1, 0xf8,
    0x2b, 0xd1, 0xe3, 0x03, 0xf1, 0xee, 0xc8, 0x7f, 0xf2, 0xd5, 0xe3, 0xff, 0x16, 0xf7, 0xff, 0xff,
    0x04, 0x00, 0x00, 0x00, 0x60, 0x00, 0x00, 0x00, 0x43, 0xf6, 0xff, 0xff, 0xd0, 0x09, 0x00, 0x00,
    0x0c, 0x0d, 0x00, 0x00, 0xe2, 0x05, 0x00, 0x00, 0x96, 0x10, 0x00, 0x00, 0x43, 0x02, 0x00, 0x00,
    0x6a, 0x0c, 0x00, 0x00, 0x0f, 0xfc, 0xff, 0xff, 0x56, 0x02, 0x00, 0x00, 0x0f, 0x09, 0x00, 0x00,
    0x66, 0x0c, 0x00, 0x00, 0x7e, 0x08, 0x00, 0x00, 0x33, 0x03, 0x00, 0x00, 0x8e, 0xf5, 0xff, 0xff,
    0xac, 0xee, 0xff, 0xff, 0x54, 0xf7, 0xff, 0xff, 0xba, 0x08, 0x00, 0x00, 0x8e, 0x0e, 0x00, 0x00,
    0x7d, 0xf5, 0xff, 0xff, 0x78, 0xf5, 0xff, 0xff, 0xe5, 0xf6, 0xff, 0xff, 0x0b, 0x07, 0x00, 0x00,
    0x33, 0xfc, 0xff, 0xff, 0x98, 0x04, 0x00, 0x00, 0x82, 0xf7, 0xff, 0xff, 0x04, 0x00, 0x00, 0x00,
    0xd8, 0x00, 0x00, 0x00, 0x81, 0x7f, 0x81, 0xb4, 0xf0, 0x81, 0x0c, 0xfd, 0x5a, 0x7f, 0x2c, 0xf2,
    0x81, 0x1e, 0x28, 0x81, 0x44, 0xe6, 0xf0, 0xbb, 0x81, 0x3f, 0x81, 0x4f, 0x9e, 0x00, 0xbc, 0xc1,
    0x81, 0xe0, 0x17, 0xe9, 0x16, 0xca, 0x49, 0x35, 0x91, 0x58, 0xe9, 0x40, 0xfc, 0xc3, 0x16, 0xc2,
    0xc0, 0x7f, 0xb2, 0x4f, 0x1c, 0x0c, 0x00, 0x6b, 0xb9, 0xd0, 0xee, 0x81, 0xfe, 0xb2, 0x99, 0xbd,
    0x17, 0x7f, 0x7f, 0x2c, 0x35, 0xab, 0xe1, 0x37, 0xf7, 0x59, 0x85, 0x1b, 0x8e, 0x14, 0xf2, 0xf5,
    0xc3, 0xa9, 0x05, 0xd7, 0x1a, 0xfe, 0xdb, 0x6c, 0xb5, 0x00, 0x05, 0x64, 0x0a, 0x60, 0x0b, 0xeb,
    0xe3, 0x03, 0x34, 0x6d, 0xcf, 0x08, 0x18, 0x81, 0x25, 0x16, 0xe5, 0x2d, 0x17, 0xbc, 0xdd, 0x65,
    0x0a, 0x1e, 0x24, 0x19, 0x33, 0x07, 0xc5, 0xe5, 0x66, 0x08, 0xef, 0x03, 0xd3, 0xf5, 0x09, 0x0b,
    0x01, 0xd3, 0x33, 0x13, 0x7f, 0x3c, 0xa9, 0xf4, 0x21, 0xda, 0x37, 0x59, 0x42, 0x97, 0x81, 0xfd,
    0x34, 0xe5, 0x1d, 0xc4, 0xd8, 0xfe, 0xe1, 0x31, 0xf4, 0xac, 0x7f, 0x36, 0xab, 0xc8, 0x81, 0x7f,
    0x04, 0x0c, 0xfe, 0xf1, 0x9b, 0x50, 0xac, 0x7f, 0x20, 0x5c, 0x29, 0x1b, 0x08, 0x1c, 0x0f, 0x40,
    0x5a, 0x34, 0xc8, 0x01, 0x22, 0xcd, 0xc1, 0xdb, 0x69, 0xdc, 0xd2, 0xd7, 0x81, 0xfe, 0xa8, 0x5d,
    0x45, 0x14, 0x3d, 0xa4, 0xde, 0x34, 0xa0, 0xc6, 0x3c, 0x20, 0x36, 0xce, 0x55, 0x67, 0x88, 0x1f,
    0x39, 0x0a, 0x02, 0xe0, 0xa4, 0x7f, 0xc9, 0xdb, 0xec, 0x30, 0x30, 0x81, 0x66, 0xf8, 0xff, 0xff,
    0x04, 0x00, 0x00, 0x00, 0x60, 0x00, 0x00, 0x00, 0x23, 0x09, 0x00, 0x00, 0xc2, 0xf9, 0xff, 0xff,
    0xb7, 0x07, 0x00, 0x00, 0x30, 0x02, 0x00, 0x00, 0x98, 0xff, 0xff, 0xff, 0xd8, 0x04, 0x00, 0x00,
    0x2a, 0xfb, 0xff, 0xff, 0x2b, 0x03, 0x00, 0x00, 0x8a, 0xf7, 0xff, 0xff, 0x3f, 0xfe, 0xff, 0xff,
    0xbe, 0x0d, 0x00, 0x00, 0xa8, 0xf8, 0xff, 0xff, 0x24, 0x01, 0x00, 0x00, 0xa9, 0xfd, 0xff, 0xff,
    0x90, 0xfb, 0xff, 0xff, 0xdd, 0xfb, 0xff, 0xff, 0x8c, 0xff, 0xff, 0xff, 0x34, 0xfe, 0xff, 0xff,
    0x92, 0x0b, 0x00, 0x00, 0x5f, 0xfe, 0xff, 0xff, 0xdb, 0xfd, 0xff, 0xff, 0x67, 0xf2, 0xff, 0xff,
    0xb9, 0xfe, 0xff, 0xff, 0x42, 0xfb, 0xff, 0xff, 0xd2, 0xf8, 0xff, 0xff, 0x04, 0x00, 0x00, 0x00,
    0x40, 0x02, 0x00, 0x00, 0x81, 0xb0, 0x30, 0x3e, 0xd6, 0x24, 0x37, 0xd0, 0xdf, 0xd3, 0xef, 0x03,
    0xfc, 0xc4, 0x32, 0x0d, 0xca, 0x24, 0x57, 0xd0, 0x0d, 0xf7, 0xf6, 0xc3, 0x0c, 0x2d, 0xf1, 0xd9,
    0xf0, 0xb1, 0x07, 0x03, 0x5d, 0xe4, 0x44, 0x08, 0xec, 0x1e, 0x3a, 0x52, 0xc3, 0x33, 0x81, 0xa0,
    0x34, 0x04, 0xa4, 0xf3, 0x13, 0xd4, 0x16, 0xc8, 0x16, 0xf5, 0x81, 0xee, 0x18, 0x29, 0x6d, 0xe1,
    0x2a, 0xc7, 0x8f, 0xd2, 0x08, 0xdc, 0x1b, 0xfb, 0xbd, 0xfa, 0x43, 0x6f, 0x28, 0x12, 0x05, 0xb6,
    0x15, 0x15, 0x05, 0xa7, 0x11, 0x53, 0xfa, 0xd0, 0xed, 0xe3, 0xe2, 0xf7, 0x31, 0x4a, 0x08, 0x10,
    0x20, 0x1e, 0x7f, 0xe9, 0x79, 0xe7, 0xbb, 0xea, 0x01, 0x30, 0x40, 0x05, 0x0b, 0x07, 0xd0, 0x93,
    0x7f, 0xcd, 0x27, 0xd8, 0x13, 0x06, 0xb2, 0x35, 0x3f, 0x10, 0x6e, 0xdd, 0x08, 0x42, 0x55, 0x94,
    0x6e, 0xcd, 0x91, 0x96, 0x1b, 0x90, 0xbe, 0x3e, 0xd0, 0xfa, 0x13, 0xd6, 0xe4, 0xc5, 0xf6, 0x81,
    0x10, 0x94, 0x09, 0x4f, 0xb1, 0xe2, 0xbb, 0xc6, 0x31, 0x35, 0x3d, 0xec, 0x17, 0x7f, 0xe0, 0x21,
    0x87, 0xfc, 0xb5, 0xde, 0x0f, 0x41, 0x1f, 0xda, 0x46, 0x0d, 0xbf, 0x09, 0x3f, 0x17, 0xc9, 0x67,
    0x00, 0x10, 0x2b, 0x00, 0x37, 0x75, 0x08, 0xb4, 0x95, 0xfc, 0xdf, 0x1c, 0x0a, 0x52, 0x81, 0x52,
    0x08, 0x75, 0xa2, 0xe8, 0x54, 0x11, 0x13, 0xe6, 0x4c, 0xf8, 0x96, 0xc2, 0x48, 0x0b, 0xf8, 0xd7,
    0x1f, 0x99, 0xad, 0x0a, 0x32, 0xdf, 0xd8, 0x81, 0xb1, 0xc9, 0x6d, 0x73, 0x93, 0x3d, 0x4d, 0x0c,
    0x60, 0xaf, 0xeb, 0x1d, 0x3d, 0xf8, 0x52, 0xfe, 0xda, 0x05, 0x6c, 0x25, 0x95, 0x36, 0xf3, 0xfe,
    0xd6, 0xc2, 0x81, 0x2d, 0xde, 0xc4, 0x73, 0xaa, 0xf0, 0xfa, 0xf1, 0x00, 0x22, 0x3c, 0xfd, 0x51,
    0x4c, 0xa6, 0x48, 0xd8, 0x81, 0xfa, 0x7b, 0x0b, 0x8e, 0x02, 0xd6, 0xdd, 0x19, 0x1d, 0x4c, 0xc2,
    0x7f, 0xb3, 0x00, 0x34, 0x2d, 0xbe, 0x7c, 0x87, 0x19, 0x12, 0xef, 0x26, 0x59, 0xc8, 0x10, 0xe4,
    0x01, 0xdf, 0xe4, 0x00, 0x0a, 0x35, 0xad, 0xfc, 0xa9, 0x4d, 0xc6, 0x02, 0x4a, 0x51, 0x14, 0xdf,
    0x23, 0x4c, 0xda, 0x26, 0x3c, 0x92, 0xe9, 0x0a, 0x2c, 0xf0, 0xca, 0x7f, 0xc6, 0x1b, 0x05, 0x0a,
    0x00, 0xef, 0xe5, 0xf4, 0xdf, 0xc7, 0xe6, 0x1e, 0x81, 0x37, 0x08, 0x04, 0xcf, 0x0a, 0xd4, 0xab,
    0xf9, 0x32, 0xd6, 0xf1, 0xc1, 0x67, 0x58, 0x05, 0x49, 0x3e, 0xb9, 0xaa, 0x3e, 0x29, 0xc3, 0xc4,
    0x0e, 0xe0, 0x81, 0x14, 0xef, 0x20, 0x0b, 0xc9, 0xc9, 0x9b, 0x1f, 0xea, 0x24, 0x0b, 0x4d, 0xcf,
    0x55, 0x40, 0xcc, 0xc8, 0xd5, 0x3c, 0xdd, 0x24, 0xab, 0x38, 0x04, 0xb8, 0xcc, 0xe4, 0xf9, 0x96,
    0xce, 0xfe, 0x81, 0xde, 0x44, 0xe8, 0x06, 0xb8, 0x01, 0xac, 0x0e, 0x12, 0x11, 0x93, 0x08, 0x2a,
    0x08, 0xcf, 0xdc, 0xba, 0x1b, 0x93, 0x09, 0x7f, 0x48, 0x2b, 0xcd, 0xe9, 0xac, 0x22, 0x81, 0x3e,
    0x58, 0x79, 0x11, 0x91, 0xcf, 0x22, 0xf1, 0xd1, 0xc3, 0x1f, 0xe1, 0xcd, 0x2d, 0x33, 0x46, 0xd0,
    0x2a, 0xbe, 0xd7, 0x0c, 0xea, 0xe5, 0x31, 0x40, 0xd6, 0x11, 0xe8, 0x32, 0x0a, 0x03, 0x34, 0x16,
    0xdd, 0xfb, 0x13, 0xed, 0x8d, 0xd5, 0x81, 0x7c, 0x76, 0x97, 0x02, 0x05, 0xf5, 0xdd, 0x1d, 0x3f,
    0xab, 0xd9, 0x1a, 0x03, 0xf8, 0xac, 0x29, 0x7f, 0x20, 0x03, 0x0b, 0x0a, 0x0e, 0x4b, 0x25, 0xec,
    0xd9, 0xb5, 0xee, 0xf3, 0x46, 0xee, 0xb2, 0xed, 0xe8, 0xaa, 0x1d, 0x10, 0xff, 0x81, 0x23, 0x87,
    0x4e, 0x14, 0x4c, 0xde, 0xe7, 0x14, 0xf9, 0x4c, 0x12, 0x2b, 0x63, 0xa8, 0x8f, 0xe6, 0x19, 0xfb,
    0xe8, 0xf9, 0xf0, 0x69, 0xaf, 0xc2, 0x1b, 0x7f, 0xe8, 0x08, 0xd5, 0xdf, 0x26, 0x0e, 0x16, 0x06,
    0xbd, 0x8e, 0xfe, 0x13, 0x7f, 0x0f, 0x8a, 0x32, 0x58, 0xe9, 0x40, 0x3d, 0x21, 0xc9, 0xd0, 0xf2,
    0xf9, 0xd5, 0xdd, 0xa9, 0x40, 0x05, 0xeb, 0x53, 0x8d, 0x12, 0xce, 0x49, 0xd7, 0x3f, 0xe8, 0xe7,
    0x8c, 0x1c, 0xd7, 0xe3, 0xbb, 0xf1, 0xab, 0x0f, 0x1b, 0x38, 0xd7, 0xda, 0x11, 0xe3, 0xfb, 0xd7,
    0x26, 0xe8, 0xdb, 0x81, 0x1e, 0xfb, 0xff, 0xff, 0x04, 0x00, 0x00, 0x00, 0x60, 0x00, 0x00, 0x00,
    0x7b, 0x02, 0x00, 0x00, 0xf8, 0xfe, 0xff, 0xff, 0x9b, 0xf8, 0xff, 0xff, 0x04, 0xff, 0xff, 0xff,
    0xa5, 0xfe, 0xff, 0xff, 0x15, 0x09, 0x00, 0x00, 0xb2, 0xff, 0xff, 0xff, 0x5c, 0xfc, 0xff, 0xff,
    0x34, 0x02, 0x00, 0x00, 0x33, 0xfe, 0xff, 0xff, 0x0e, 0xfe, 0xff, 0xff, 0xef, 0xfb, 0xff, 0xff,
    0x2d, 0xfe, 0xff, 0xff, 0x32, 0x02, 0x00, 0x00, 0x37, 0x02, 0x00, 0x00, 0x34, 0x04, 0x00, 0x00,
    0x32, 0x07, 0x00, 0x00, 0xe5, 0xf8, 0xff, 0xff, 0x8f, 0xfe, 0xff, 0xff, 0x7f, 0xfa, 0xff, 0xff,
    0x7d, 0xff, 0xff, 0xff, 0xb6, 0x00, 0x00, 0x00, 0x60, 0x00, 0x00, 0x00, 0x2c, 0x08, 0x00, 0x00,
    0x8a, 0xfb, 0xff, 0xff, 0x04, 0x00, 0x00, 0x00, 0xd8, 0x00, 0x00, 0x00, 0xac, 0xab, 0x6e, 0xc2,
    0x0f, 0x7f, 0x5e, 0x95, 0x7f, 0xa7, 0xc6, 0xde, 0x38, 0x85, 0x81, 0x73, 0xbc, 0x6e, 0x11, 0x20,
    0x81, 0x81, 0x8a, 0x5a, 0xb3, 0x18, 0x50, 0x62, 0xd1, 0x32, 0x66, 0xb7, 0x5e, 0xd1, 0xe0, 0xd3,
    0x1e, 0xf3, 0x8e, 0x3a, 0xe2, 0x43, 0x40, 0x1a, 0xe3, 0x8f, 0x10, 0x7f, 0x34, 0xee, 0x62, 0xf1,
    0x1c, 0x66, 0x46, 0x8d, 0x7d, 0xab, 0xba, 0xc3, 0xfa, 0x60, 0xed, 0x1f, 0x0d, 0x73, 0x72, 0xb7,
    0xd0, 0xa8, 0x52, 0x54, 0xb7, 0x04, 0x6f, 0xa7, 0x9a, 0x34, 0x57, 0xba, 0x3e, 0x81, 0x9a, 0x9d,
    0x23, 0x81, 0x0f, 0x58, 0x81, 0x5a, 0xb0, 0xde, 0xbb, 0xe4, 0x81, 0x33, 0x81, 0x25, 0x4a, 0x0a,
    0x8b, 0x22, 0x5b, 0xe7, 0x4b, 0xb9, 0xaf, 0xa7, 0xdc, 0xf8, 0xc6, 0x2d, 0xd9, 0x36, 0xcb, 0xd7,
    0xe6, 0xd6, 0xfc, 0x44, 0xc5, 0xf2, 0x4e, 0x52, 0x81, 0x35, 0x72, 0xba, 0x4f, 0xa5, 0x85, 0xd4,
    0xa9, 0x47, 0xd3, 0xf9, 0xd1, 0x60, 0xed, 0xa7, 0xe3, 0xbd, 0x37, 0x4c, 0x13, 0x82, 0x7f, 0x81,
    0x0b, 0x74, 0x52, 0x81, 0x3e, 0x8d, 0x81, 0x85, 0xbd, 0x8c, 0x68, 0x7f, 0xa2, 0x64, 0x81, 0xa2,
    0xaa, 0xc3, 0x9b, 0x4a, 0xe0, 0xc1, 0x54, 0x2e, 0x02, 0x5e, 0x63, 0xa7, 0x3c, 0xe9, 0xb8, 0x81,
    0xab, 0xfd, 0x70, 0x51, 0xfd, 0x40, 0xe8, 0xed, 0xbc, 0xc1, 0xe6, 0x39, 0xb6, 0x81, 0x67, 0x20,
    0x25, 0x64, 0x7f, 0x88, 0x4a, 0xa3, 0xe1, 0xdd, 0x81, 0x5e, 0x25, 0x0e, 0xd8, 0x7f, 0x84, 0x81,
    0xc2, 0xb3, 0x47, 0x7f, 0x6e, 0xfc, 0xff, 0xff, 0x04, 0x00, 0x00, 0x00, 0x60, 0x00, 0x00, 0x00,
    0x90, 0x08, 0x00, 0x00, 0xc5, 0x05, 0x00, 0x00, 0x6d, 0xfd, 0xff, 0xff, 0x44, 0xfc, 0xff, 0xff,
    0x1c, 0x03, 0x00, 0x00, 0xaa, 0xe9, 0xff, 0xff, 0x70, 0xfa, 0xff, 0xff, 0xca, 0x0f, 0x00, 0x00,
    0x91, 0xf7, 0xff, 0xff, 0x49, 0x1a, 0x00, 0x00, 0xbd, 0x10, 0x00, 0x00, 0xad, 0x0a, 0x00, 0x00,
    0x65, 0x07, 0x00, 0x00, 0x7f, 0xfd, 0xff, 0xff, 0xb5, 0xff, 0xff, 0xff, 0x4c, 0xf0, 0xff, 0xff,
    0xac, 0x07, 0x00, 0x00, 0x42, 0xff, 0xff, 0xff, 0x30, 0xfd, 0xff, 0xff, 0x4d, 0x03, 0x00, 0x00,
    0xa3, 0x09, 0x00, 0x00, 0x7e, 0x05, 0x00, 0x00, 0x93, 0x01, 0x00, 0x00, 0x25, 0xea, 0xff, 0xff,
    0xda, 0xfc, 0xff, 0xff, 0x04, 0x00, 0x00, 0x00, 0x40, 0x02, 0x00, 0x00, 0xf4, 0xd5, 0x47, 0x2c,
    0x05, 0xce, 0xdf, 0xe1, 0x2d, 0x1d, 0x2e, 0x1e, 0x31, 0x7f, 0x29, 0x3d, 0x35, 0xed, 0x2e, 0xf4,
    0xe0, 0xc0, 0x2c, 0x2a, 0x20, 0x11, 0xda, 0xde, 0x07, 0x09, 0x1f, 0xfd, 0xe1, 0x12, 0xff, 0x07,
    0xdc, 0xec, 0xe5, 0x05, 0xff, 0x7f, 0xee, 0x01, 0x2b, 0x1b, 0x10, 0xe5, 0xf6, 0xd2, 0x1b, 0x3d,
    0xe3, 0xcb, 0xe2, 0x91, 0x36, 0x43, 0x50, 0x38, 0x3d, 0x7f, 0x2f, 0x3b, 0x4d, 0xea, 0x29, 0xd8,
    0xc5, 0x04, 0x4a, 0x17, 0xd9, 0x05, 0xf1, 0xec, 0xc7, 0x5d, 0x02, 0x45, 0x0e, 0x81, 0xdb, 0xc6,
    0xeb, 0xd4, 0xca, 0x14, 0xd4, 0xf7, 0xea, 0xfb, 0x18, 0x28, 0x0d, 0x2b, 0xf5, 0xe0, 0x48, 0x2c,
    0x03, 0xc6, 0xd6, 0xd9, 0x33, 0x0c, 0x31, 0x1b, 0x37, 0x7f, 0x32, 0x46, 0x2f, 0xea, 0x35, 0xf4,
    0xd8, 0x9d, 0x2f, 0x3f, 0x2e, 0x10, 0xd9, 0xd9, 0x01, 0x0c, 0x1b, 0xf4, 0xdb, 0x0d, 0xf4, 0x0e,
    0xcf, 0xe5, 0xd4, 0x04, 0x03, 0x7f, 0xf4, 0x11, 0x43, 0x19, 0x13, 0xdf, 0x05, 0xce, 0x2b, 0x36,
    0xdb, 0xd7, 0xe1, 0xad, 0x23, 0x3a, 0x35, 0x19, 0x3b, 0x7f, 0x2e, 0x35, 0x4a, 0xec, 0x2f, 0xec,
    0xd5, 0xf1, 0x45, 0x19, 0xdc, 0x51, 0xf5, 0xe5, 0xda, 0x7f, 0x05, 0x2b, 0x05, 0x88, 0xdf, 0xb0,
    0x03, 0xd7, 0xc3, 0x1f, 0xe4, 0xf1, 0xe5, 0x0c, 0xfd, 0x03, 0x10, 0x0e, 0xf2, 0xd7, 0x58, 0x2e,
    0x17, 0xcd, 0xd9, 0xd8, 0x29, 0x10, 0x3d, 0x25, 0x37, 0x7f, 0x33, 0x43, 0x36, 0xe9, 0x27, 0xcf,
    0xe5, 0xd0, 0x35, 0x30, 0x34, 0x0d, 0xd7, 0xd0, 0x03, 0x0d, 0x1f, 0xfa, 0xe1, 0x06, 0xe8, 0x21,
    0xc1, 0xe0, 0xd4, 0x01, 0xf9, 0x7f, 0xf5, 0x28, 0x2f, 0x0b, 0x12, 0xdd, 0xfa, 0xd5, 0x36, 0x2c,
    0x03, 0xc7, 0xdd, 0xd1, 0x33, 0x22, 0x28, 0x0a, 0x35, 0x7f, 0x2d, 0x3a, 0x34, 0xec, 0x31, 0xe6,
    0xe0, 0xc5, 0x32, 0x32, 0xfa, 0xe0, 0x36, 0x29, 0x05, 0xcf, 0xe0, 0xda, 0x2e, 0x1b, 0x26, 0x16,
    0x2c, 0x7f, 0x2c, 0x3c, 0x32, 0xee, 0x28, 0xf3, 0xda, 0xc5, 0x2d, 0x2f, 0x30, 0xf8, 0xde, 0xe8,
    0xfa, 0x0d, 0x1e, 0x04, 0xd6, 0x0b, 0xe8, 0x10, 0xc7, 0xe2, 0xd9, 0x05, 0xfd, 0x7f, 0xfa, 0x2d,
    0x34, 0x1f, 0x13, 0xdb, 0xe6, 0xc4, 0x6f, 0x2d, 0x2e, 0xd4, 0xd0, 0xd4, 0x25, 0x12, 0x50, 0x3f,
    0x3f, 0x7f, 0x39, 0x4c, 0x42, 0xe7, 0x29, 0xe7, 0xdb, 0x8a, 0x3a, 0x3e, 0x3e, 0x21, 0xd3, 0xed,
    0xbf, 0xf9, 0x42, 0xae, 0xe6, 0x47, 0x22, 0x34, 0xd1, 0xe6, 0xeb, 0xfa, 0xee, 0x7f, 0xe4, 0xea,
    0x4f, 0x36, 0x25, 0xd3, 0x29, 0x06, 0xdf, 0xec, 0xe6, 0x06, 0x23, 0xfa, 0xde, 0x15, 0x0d, 0x1f,
    0xe0, 0xe9, 0xe9, 0x02, 0xfd, 0x7f, 0xf3, 0x16, 0x35, 0x13, 0x17, 0xe5, 0xd4, 0xf9, 0x37, 0x05,
    0x01, 0x7f, 0xd7, 0xf0, 0x41, 0xa9, 0x2e, 0x09, 0x0c, 0x30, 0xf8, 0x57, 0x26, 0xcf, 0xf5, 0xb5,
    0xd6, 0x0f, 0x33, 0x45, 0xf2, 0xde, 0x48, 0x2a, 0x14, 0xcb, 0xdd, 0xe0, 0x30, 0x15, 0x30, 0x1e,
    0x30, 0x7f, 0x2e, 0x41, 0x31, 0xeb, 0x23, 0xe4, 0xd8, 0xbd, 0x2c, 0x34, 0x34, 0x0b, 0xe3, 0xdb,
    0x01, 0x11, 0x1c, 0x01, 0xd4, 0x14, 0xf4, 0x12, 0xc8, 0xe9, 0xd6, 0x08, 0x0b, 0x7f, 0xf6, 0x2d,
    0x2d, 0x1e, 0x14, 0xd5, 0xd8, 0x14, 0xf2, 0xe6, 0xcb, 0x7f, 0x02, 0x45, 0x04, 0x82, 0xca, 0xb4,
    0xfb, 0xce, 0xbd, 0x14, 0xe3, 0xf5, 0xe6, 0x22, 0x19, 0x0e, 0x11, 0x16, 0x36, 0x0e, 0xda, 0xdf,
    0xef, 0x0a, 0x24, 0xf5, 0xdd, 0x1c, 0xfe, 0x1b, 0xcf, 0xe4, 0xe0, 0x02, 0x06, 0x7f, 0xee, 0x19,
    0x3b, 0x14, 0x1b, 0xde, 0x44, 0x22, 0xce, 0xee, 0xba, 0xf8, 0x4d, 0xa1, 0xe4, 0x55, 0x1d, 0x29,
    0xcd, 0xe7, 0xed, 0xf9, 0xee, 0x7f, 0xe3, 0x03, 0x36, 0x1b, 0x29, 0xd6, 0x04, 0xcf, 0x14, 0x39,
    0xce, 0xda, 0xf1, 0x81, 0x1e, 0x5f, 0x45, 0x26, 0x2d, 0x6d, 0x29, 0x29, 0x44, 0xf0, 0x1c, 0xd4,
    0xc2, 0x16, 0x47, 0x08, 0xfa, 0xd7, 0x3b, 0x2b, 0x0b, 0xd3, 0xe0, 0xe0, 0x2a, 0x23, 0x34, 0x17,
    0x33, 0x7f, 0x2b, 0x3b, 0x33, 0xeb, 0x2b, 0xd2, 0xda, 0xd7, 0x2e, 0x28, 0x26, 0xff, 0xff, 0xff,
    0x04, 0x00, 0x00, 0x00, 0x60, 0x00, 0x00, 0x00, 0x58, 0xfe, 0xff, 0xff, 0x40, 0xfe, 0xff, 0xff,
    0xca, 0xfe, 0xff, 0xff, 0x94, 0x01, 0x00, 0x00, 0x8f, 0xfe, 0xff, 0xff, 0x30, 0xfe, 0xff, 0xff,
    0xf5, 0xfe, 0xff, 0xff, 0x1d, 0x01, 0x00, 0x00, 0x22, 0xfe, 0xff, 0xff, 0x75, 0xfe, 0xff, 0xff,
    0xf3, 0xfe, 0xff, 0xff, 0x9f, 0xfe, 0xff, 0xff, 0x49, 0xfe, 0xff, 0xff, 0x9d, 0xfd, 0xff, 0xff,
    0xc2, 0xfd, 0xff, 0xff, 0xe2, 0xfd, 0xff, 0xff, 0x90, 0xff, 0xff, 0xff, 0x4e, 0xfe, 0xff, 0xff,
    0xbf, 0xfd, 0xff, 0xff, 0x5a, 0x01, 0x00, 0x00, 0xf1, 0xfd, 0xff, 0xff, 0x2c, 0xfe, 0xff, 0xff,
    0x5e, 0xff, 0xff, 0xff, 0x7c, 0xfe, 0xff, 0xff, 0x92, 0xff, 0xff, 0xff, 0x04, 0x00, 0x00, 0x00,
    0x48, 0x00, 0x00, 0x00, 0xc5, 0xc0, 0x91, 0x24, 0xc3, 0xd1, 0x9a, 0x2d, 0xbb, 0xe2, 0xb6, 0xa4,
    0xe7, 0xf5, 0x94, 0xb7, 0x47, 0xb4, 0xeb, 0x27, 0xbc, 0x98, 0x81, 0xb3, 0x7b, 0xaf, 0x4a, 0xc8,
    0x45, 0xab, 0x58, 0xd3, 0x7c, 0x84, 0x66, 0x7c, 0xa5, 0x7f, 0x03, 0xbc, 0x08, 0x6c, 0xaa, 0xca,
    0xaf, 0x0c, 0x36, 0x75, 0xea, 0x51, 0x10, 0xce, 0xa0, 0x72, 0x0a, 0xd2, 0xc8, 0x5a, 0xeb, 0xe3,
    0x7f, 0x9d, 0x53, 0x66, 0xc0, 0xbd, 0x6e, 0xd1, 0x5e, 0x54, 0x13, 0xeb, 0xe6, 0xff, 0xff, 0xff,
    0x04, 0x00, 0x00, 0x00, 0x0c, 0x00, 0x00, 0x00, 0xa1, 0x06, 0x00, 0x00, 0x70, 0xfa, 0xff, 0xff,
    0xb8, 0x01, 0x00, 0x00, 0x00, 0x00, 0x06, 0x00, 0x08, 0x00, 0x04, 0x00, 0x06, 0x00, 0x00, 0x00,
    0x04, 0x00, 0x00, 0x00, 0x08, 0x00, 0x00, 0x00, 0x01, 0x00, 0x00, 0x00, 0x02, 0x00, 0x00, 0x00,
    0xec, 0xd5, 0xff, 0xff, 0xf0, 0xd5, 0xff, 0xff, 0x0f, 0x00, 0x00, 0x00, 0x4d, 0x4c, 0x49, 0x52,
    0x20, 0x43, 0x6f, 0x6e, 0x76, 0x65, 0x72, 0x74, 0x65, 0x64, 0x2e, 0x00, 0x01, 0x00, 0x00, 0x00,
    0x14, 0x00, 0x00, 0x00, 0x00, 0x00, 0x0e, 0x00, 0x18, 0x00, 0x14, 0x00, 0x10, 0x00, 0x0c, 0x00,
    0x08, 0x00, 0x04, 0x00, 0x0e, 0x00, 0x00, 0x00, 0x14, 0x00, 0x00, 0x00, 0x1c, 0x00, 0x00, 0x00,
    0xc4, 0x02, 0x00, 0x00, 0xc8, 0x02, 0x00, 0x00, 0xcc, 0x02, 0x00, 0x00, 0x04, 0x00, 0x00, 0x00,
    0x6d, 0x61, 0x69, 0x6e, 0x00, 0x00, 0x00, 0x00, 0x09, 0x00, 0x00, 0x00, 0x60, 0x02, 0x00, 0x00,
    0xf8, 0x01, 0x00, 0x00, 0x98, 0x01, 0x00, 0x00, 0x50, 0x01, 0x00, 0x00, 0xfc, 0x00, 0x00, 0x00,
    0xb4, 0x00, 0x00, 0x00, 0x70, 0x00, 0x00, 0x00, 0x3c, 0x00, 0x00, 0x00, 0x04, 0x00, 0x00, 0x00,
    0xd6, 0xfe, 0xff, 0xff, 0x14, 0x00, 0x00, 0x00, 0x00, 0x00, 0x00, 0x08, 0x10, 0x00, 0x00, 0x00,
    0x14, 0x00, 0x00, 0x00, 0x03, 0x00, 0x00, 0x00, 0x84, 0xd6, 0xff, 0xff, 0x01, 0x00, 0x00, 0x00,
    0x1a, 0x00, 0x00, 0x00, 0x03, 0x00, 0x00, 0x00, 0x19, 0x00, 0x00, 0x00, 0x03, 0x00, 0x00, 0x00,
    0x02, 0x00, 0x00, 0x00, 0x0a, 0xff, 0xff, 0xff, 0x14, 0x00, 0x00, 0x00, 0x00, 0x00, 0x00, 0x1b,
    0x10, 0x00, 0x00, 0x00, 0x14, 0x00, 0x00, 0x00, 0x02, 0x00, 0x00, 0x00, 0xb8, 0xd6, 0xff, 0xff,
    0x01, 0x00, 0x00, 0x00, 0x19, 0x00, 0x00, 0x00, 0x02, 0x00, 0x00, 0x00, 0x18, 0x00, 0x00, 0x00,
    0x01, 0x00, 0x00, 0x00, 0x36, 0xfe, 0xff, 0xff, 0x10, 0x00, 0x00, 0x00, 0x00, 0x00, 0x00, 0x01,
    0x1c, 0x00, 0x00, 0x00, 0x20, 0x00, 0x00, 0x00, 0xe8, 0xfe, 0xff, 0xff, 0x00, 0x00, 0x00, 0x01,
    0x01, 0x00, 0x00, 0x00, 0x01, 0x00, 0x00, 0x00, 0x00, 0x00, 0x00, 0x01, 0x01, 0x00, 0x00, 0x00,
    0x18, 0x00, 0x00, 0x00, 0x03, 0x00, 0x00, 0x00, 0x17, 0x00, 0x00, 0x00, 0x05, 0x00, 0x00, 0x00,
    0x04, 0x00, 0x00, 0x00, 0x7a, 0xff, 0xff, 0xff, 0x14, 0x00, 0x00, 0x00, 0x00, 0x00, 0x00, 0x02,
    0x20, 0x00, 0x00, 0x00, 0x24, 0x00, 0x00, 0x00, 0x01, 0x00, 0x00, 0x00, 0xca, 0xfe, 0xff, 0xff,
    0x00, 0x00, 0x00, 0x01, 0x01, 0x00, 0x00, 0x00, 0x01, 0x00, 0x00, 0x00, 0x01, 0x00, 0x00, 0x00,
    0x01, 0x00, 0x00, 0x00, 0x17, 0x00, 0x00, 0x00, 0x03, 0x00, 0x00, 0x00, 0x16, 0x00, 0x00, 0x00,
    0x07, 0x00, 0x00, 0x00, 0x06, 0x00, 0x00, 0x00, 0xba, 0xfe, 0xff, 0xff, 0x10, 0x00, 0x00, 0x00,
    0x00, 0x00, 0x00, 0x01, 0x1c, 0x00, 0x00, 0x00, 0x20, 0x00, 0x00, 0x00, 0x6c, 0xff, 0xff, 0xff,
    0x00, 0x00, 0x00, 0x01, 0x01, 0x00, 0x00, 0x00, 0x01, 0x00, 0x00, 0x00, 0x00, 0x00, 0x00, 0x01,
    0x01, 0x00, 0x00, 0x00, 0x16, 0x00, 0x00, 0x00, 0x03, 0x00, 0x00, 0x00, 0x15, 0x00, 0x00, 0x00,
    0x09, 0x00, 0x00, 0x00, 0x08, 0x00, 0x00, 0x00, 0x00, 0x00, 0x0e, 0x00, 0x18, 0x00, 0x14, 0x00,
    0x10, 0x00, 0x0c, 0x00, 0x0b, 0x00, 0x04, 0x00, 0x0e, 0x00, 0x00, 0x00, 0x14, 0x00, 0x00, 0x00,
    0x00, 0x00, 0x00, 0x02, 0x20, 0x00, 0x00, 0x00, 0x24, 0x00, 0x00, 0x00, 0x01, 0x00, 0x00, 0x00,
    0x5e, 0xff, 0xff, 0xff, 0x00, 0x00, 0x00, 0x01, 0x01, 0x00, 0x00, 0x00, 0x01, 0x00, 0x00, 0x00,
    0x01, 0x00, 0x00, 0x00, 0x01, 0x00, 0x00, 0x00, 0x15, 0x00, 0x00, 0x00, 0x03, 0x00, 0x00, 0x00,
    0x14, 0x00, 0x00, 0x00, 0x0b, 0x00, 0x00, 0x00, 0x0a, 0x00, 0x00, 0x00, 0x4e, 0xff, 0xff, 0xff,
    0x1c, 0x00, 0x00, 0x00, 0x00, 0x00, 0x00, 0x01, 0x28, 0x00, 0x00, 0x00, 0x2c, 0x00, 0x00, 0x00,
    0x0c, 0x00, 0x14, 0x00, 0x13, 0x00, 0x0c, 0x00, 0x08, 0x00, 0x07, 0x00, 0x0c, 0x00, 0x00, 0x00,
    0x00, 0x00, 0x00, 0x01, 0x01, 0x00, 0x00, 0x00, 0x01, 0x00, 0x00, 0x00, 0x00, 0x00, 0x00, 0x01,
    0x01, 0x00, 0x00, 0x00, 0x14, 0x00, 0x00, 0x00, 0x03, 0x00, 0x00, 0x00, 0x13, 0x00, 0x00, 0x00,
    0x0d, 0x00, 0x00, 0x00, 0x0c, 0x00, 0x00, 0x00, 0x00, 0x00, 0x0e, 0x00, 0x1a, 0x00, 0x14, 0x00,
    0x10, 0x00, 0x0c, 0x00, 0x0b, 0x00, 0x04, 0x00, 0x0e, 0x00, 0x00, 0x00, 0x24, 0x00, 0x00, 0x00,
    0x00, 0x00, 0x00, 0x02, 0x30, 0x00, 0x00, 0x00, 0x34, 0x00, 0x00, 0x00, 0x01, 0x00, 0x00, 0x00,
    0x00, 0x00, 0x0e, 0x00, 0x14, 0x00, 0x00, 0x00, 0x10, 0x00, 0x0c, 0x00, 0x08, 0x00, 0x07, 0x00,
    0x0e, 0x00, 0x00, 0x00, 0x00, 0x00, 0x00, 0x01, 0x01, 0x00, 0x00, 0x00, 0x01, 0x00, 0x00, 0x00,
    0x01, 0x00, 0x00, 0x00, 0x01, 0x00, 0x00, 0x00, 0x13, 0x00, 0x00, 0x00, 0x03, 0x00, 0x00, 0x00,
    0x12, 0x00, 0x00, 0x00, 0x0f, 0x00, 0x00, 0x00, 0x0e, 0x00, 0x00, 0x00, 0x00, 0x00, 0x0e, 0x00,
    0x14, 0x00, 0x00, 0x00, 0x10, 0x00, 0x0c, 0x00, 0x0b, 0x00, 0x04, 0x00, 0x0e, 0x00, 0x00, 0x00,
    0x1c, 0x00, 0x00, 0x00, 0x00, 0x00, 0x00, 0x01, 0x24, 0x00, 0x00, 0x00, 0x28, 0x00, 0x00, 0x00,
    0x0c, 0x00, 0x10, 0x00, 0x00, 0x00, 0x0c, 0x00, 0x08, 0x00, 0x07, 0x00, 0x0c, 0x00, 0x00, 0x00,
    0x00, 0x00, 0x00, 0x01, 0x04, 0x00, 0x00, 0x00, 0x02, 0x00, 0x00, 0x00, 0x01, 0x00, 0x00, 0x00,
    0x12, 0x00, 0x00, 0x00, 0x03, 0x00, 0x00, 0x00, 0x00, 0x00, 0x00, 0x00, 0x11, 0x00, 0x00, 0x00,
    0x10, 0x00, 0x00, 0x00, 0x01, 0x00, 0x00, 0x00, 0x1a, 0x00, 0x00, 0x00, 0x01, 0x00, 0x00, 0x00,
    0x00, 0x00, 0x00, 0x00, 0x1b, 0x00, 0x00, 0x00, 0x68, 0x27, 0x00, 0x00, 0xdc, 0x26, 0x00, 0x00,
    0x44, 0x26, 0x00, 0x00, 0xc0, 0x25, 0x00, 0x00, 0xbc, 0x23, 0x00, 0x00, 0x28, 0x22, 0x00, 0x00,
    0xb4, 0x1f, 0x00, 0x00, 0xa0, 0x1d, 0x00, 0x00, 0x84, 0x1b, 0x00, 0x00, 0xf0, 0x19, 0x00, 0x00,
    0x84, 0x17, 0x00, 0x00, 0x84, 0x15, 0x00, 0x00, 0x84, 0x13, 0x00, 0x00, 0xf0, 0x11, 0x00, 0x00,
    0x84, 0x0f, 0x00, 0x00, 0x84, 0x0d, 0x00, 0x00, 0x84, 0x0b, 0x00, 0x00, 0xf0, 0x09, 0x00, 0x00,
    0xdc, 0x08, 0x00, 0x00, 0x58, 0x07, 0x00, 0x00, 0x44, 0x06, 0x00, 0x00, 0xc0, 0x04, 0x00, 0x00,
    0xac, 0x03, 0x00, 0x00, 0x28, 0x02, 0x00, 0x00, 0x14, 0x01, 0x00, 0x00, 0x80, 0x00, 0x00, 0x00,
    0x04, 0x00, 0x00, 0x00, 0x1a, 0xd9, 0xff, 0xff, 0x00, 0x00, 0x00, 0x01, 0x18, 0x00, 0x00, 0x00,
    0x20, 0x00, 0x00, 0x00, 0x3c, 0x00, 0x00, 0x00, 0x1b, 0x00, 0x00, 0x00, 0x00, 0x00, 0x00, 0x09,
    0x50, 0x00, 0x00, 0x00, 0x02, 0x00, 0x00, 0x00, 0xff, 0xff, 0xff, 0xff, 0x03, 0x00, 0x00, 0x00,
    0xfc, 0xd8, 0xff, 0xff, 0x08, 0x00, 0x00, 0x00, 0x10, 0x00, 0x00, 0x00, 0x01, 0x00, 0x00, 0x00,
    0x1e, 0x00, 0x00, 0x00, 0x00, 0x00, 0x00, 0x00, 0x01, 0x00, 0x00, 0x00, 0xf9, 0xff, 0x58, 0x3e,
    0x1b, 0x00, 0x00, 0x00, 0x53, 0x74, 0x61, 0x74, 0x65, 0x66, 0x75, 0x6c, 0x50, 0x61, 0x72, 0x74,
    0x69, 0x74, 0x69, 0x6f, 0x6e, 0x65, 0x64, 0x43, 0x61, 0x6c, 0x6c, 0x5f, 0x31, 0x3a, 0x30, 0x00,
    0x02, 0x00, 0x00, 0x00, 0x01, 0x00, 0x00, 0x00, 0x03, 0x00, 0x00, 0x00, 0x92, 0xd9, 0xff, 0xff,
    0x00, 0x00, 0x00, 0x01, 0x18, 0x00, 0x00, 0x00, 0x20, 0x00, 0x00, 0x00, 0x40, 0x00, 0x00, 0x00,
    0x1a, 0x00, 0x00, 0x00, 0x00, 0x00, 0x00, 0x09, 0x68, 0x00, 0x00, 0x00, 0x02, 0x00, 0x00, 0x00,
    0xff, 0xff, 0xff, 0xff, 0x18, 0x00, 0x00, 0x00, 0x74, 0xd9, 0xff, 0xff, 0x08, 0x00, 0x00, 0x00,
    0x14, 0x00, 0x00, 0x00, 0x01, 0x00, 0x00, 0x00, 0x80, 0xff, 0xff, 0xff, 0xff, 0xff, 0xff, 0xff,
    0x00, 0x00, 0x00, 0x00, 0x01, 0x00, 0x00, 0x00, 0xd4, 0x43, 0x40, 0x3c, 0x2c, 0x00, 0x00, 0x00,
    0x6d, 0x61, 0x72, 0x76, 0x69, 0x6e, 0x5f, 0x73, 0x5f, 0x31, 0x2f, 0x67, 0x6c, 0x6f, 0x62, 0x61,
    0x6c, 0x5f, 0x61, 0x76, 0x65, 0x72, 0x61, 0x67, 0x65, 0x5f, 0x70, 0x6f, 0x6f, 0x6c, 0x69, 0x6e,
    0x67, 0x32, 0x64, 0x5f, 0x31, 0x5f, 0x31, 0x2f, 0x4d, 0x65, 0x61, 0x6e, 0x00, 0x00, 0x00, 0x00,
    0x02, 0x00, 0x00, 0x00, 0x01, 0x00, 0x00, 0x00, 0x18, 0x00, 0x00, 0x00, 0x22, 0xda, 0xff, 0xff,
    0x00, 0x00, 0x00, 0x01, 0x18, 0x00, 0x00, 0x00, 0x28, 0x00, 0x00, 0x00, 0x44, 0x00, 0x00, 0x00,
    0x19, 0x00, 0x00, 0x00, 0x00, 0x00, 0x00, 0x09, 0xe0, 0x00, 0x00, 0x00, 0x04, 0x00, 0x00, 0x00,
    0xff, 0xff, 0xff, 0xff, 0x19, 0x00, 0x00, 0x00, 0x14, 0x00, 0x00, 0x00, 0x18, 0x00, 0x00, 0x00,
    0x0c, 0xda, 0xff, 0xff, 0x08, 0x00, 0x00, 0x00, 0x10, 0x00, 0x00, 0x00, 0x01, 0x00, 0x00, 0x00,
    0x80, 0xff, 0xff, 0xff, 0xff, 0xff, 0xff, 0xff, 0x01, 0x00, 0x00, 0x00, 0x68, 0xe6, 0x45, 0x3e,
    0xa3, 0x00, 0x00, 0x00, 0x6d, 0x61, 0x72, 0x76, 0x69, 0x6e, 0x5f, 0x73, 0x5f, 0x31, 0x2f, 0x72,
    0x65, 0x5f, 0x6c, 0x75, 0x5f, 0x31, 0x31, 0x5f, 0x31, 0x2f, 0x52, 0x65, 0x6c, 0x75, 0x3b, 0x6d,
    0x61, 0x72, 0x76, 0x69, 0x6e, 0x5f, 0x73, 0x5f, 0x31, 0x2f, 0x62, 0x61, 0x74, 0x63, 0x68, 0x5f,
    0x6e, 0x6f, 0x72, 0x6d, 0x61, 0x6c, 0x69, 0x7a, 0x61, 0x74, 0x69, 0x6f, 0x6e, 0x5f, 0x31, 0x31,
    0x5f, 0x31, 0x2f, 0x62, 0x61, 0x74, 0x63, 0x68, 0x6e, 0x6f, 0x72, 0x6d, 0x2f, 0x61, 0x64, 0x64,
    0x5f, 0x31, 0x3b, 0x6d, 0x61, 0x72, 0x76, 0x69, 0x6e, 0x5f, 0x73, 0x5f, 0x31, 0x2f, 0x63, 0x6f,
    0x6e, 0x76, 0x32, 0x64, 0x5f, 0x36, 0x5f, 0x31, 0x2f, 0x63, 0x6f, 0x6e, 0x76, 0x6f, 0x6c, 0x75,
    0x74, 0x69, 0x6f, 0x6e, 0x3b, 0x6d, 0x61, 0x72, 0x76, 0x69, 0x6e, 0x5f, 0x73, 0x5f, 0x31, 0x2f,
    0x62, 0x61, 0x74, 0x63, 0x68, 0x5f, 0x6e, 0x6f, 0x72, 0x6d, 0x61, 0x6c, 0x69, 0x7a, 0x61, 0x74,
    0x69, 0x6f, 0x6e, 0x5f, 0x31, 0x31, 0x5f, 0x31, 0x2f, 0x62, 0x61, 0x74, 0x63, 0x68, 0x6e, 0x6f,
    0x72, 0x6d, 0x2f, 0x73, 0x75, 0x62, 0x31, 0x00, 0x04, 0x00, 0x00, 0x00, 0x01, 0x00, 0x00, 0x00,
    0x19, 0x00, 0x00, 0x00, 0x14, 0x00, 0x00, 0x00, 0x18, 0x00, 0x00, 0x00, 0x32, 0xdb, 0xff, 0xff,
    0x00, 0x00, 0x00, 0x01, 0x18, 0x00, 0x00, 0x00, 0x28, 0x00, 0x00, 0x00, 0x44, 0x00, 0x00, 0x00,
    0x18, 0x00, 0x00, 0x00, 0x00, 0x00, 0x00, 0x09, 0x50, 0x01, 0x00, 0x00, 0x04, 0x00, 0x00, 0x00,
    0xff, 0xff, 0xff, 0xff, 0x19, 0x00, 0x00, 0x00, 0x14, 0x00, 0x00, 0x00, 0x18, 0x00, 0x00, 0x00,
    0x1c, 0xdb, 0xff, 0xff, 0x08, 0x00, 0x00, 0x00, 0x10, 0x00, 0x00, 0x00, 0x01, 0x00, 0x00, 0x00,
    0x80, 0xff, 0xff, 0xff, 0xff, 0xff, 0xff, 0xff, 0x01, 0x00, 0x00, 0x00, 0xa5, 0xb7, 0xed, 0x3d,
    0x11, 0x01, 0x00, 0x00, 0x6d, 0x61, 0x72, 0x76, 0x69, 0x6e, 0x5f, 0x73, 0x5f, 0x31, 0x2f, 0x72,
    0x65, 0x5f, 0x6c, 0x75, 0x5f, 0x31, 0x30, 0x5f, 0x31, 0x2f, 0x52, 0x65, 0x6c, 0x75, 0x3b, 0x6d,
    0x61, 0x72, 0x76, 0x69, 0x6e, 0x5f, 0x73, 0x5f, 0x31, 0x2f, 0x62, 0x61, 0x74, 0x63, 0x68, 0x5f,
    0x6e, 0x6f, 0x72, 0x6d, 0x61, 0x6c, 0x69, 0x7a, 0x61, 0x74, 0x69, 0x6f, 0x6e, 0x5f, 0x31, 0x30,
    0x5f, 0x31, 0x2f, 0x62, 0x61, 0x74, 0x63, 0x68, 0x6e, 0x6f, 0x72, 0x6d, 0x2f, 0x61, 0x64, 0x64,
    0x5f, 0x31, 0x3b, 0x6d, 0x61, 0x72, 0x76, 0x69, 0x6e, 0x5f, 0x73, 0x5f, 0x31, 0x2f, 0x62, 0x61,
    0x74, 0x63, 0x68, 0x5f, 0x6e, 0x6f, 0x72, 0x6d, 0x61, 0x6c, 0x69, 0x7a, 0x61, 0x74, 0x69, 0x6f,
    0x6e, 0x5f, 0x31, 0x30, 0x5f, 0x31, 0x2f, 0x62, 0x61, 0x74, 0x63, 0x68, 0x6e, 0x6f, 0x72, 0x6d,
    0x2f, 0x6d, 0x75, 0x6c, 0x5f, 0x31, 0x3b, 0x6d, 0x61, 0x72, 0x76, 0x69, 0x6e, 0x5f, 0x73, 0x5f,
    0x31, 0x2f, 0x64, 0x65, 0x70, 0x74, 0x68, 0x77, 0x69, 0x73, 0x65, 0x5f, 0x63, 0x6f, 0x6e, 0x76,
    0x32, 0x64, 0x5f, 0x34, 0x5f, 0x31, 0x2f, 0x64, 0x65, 0x70, 0x74, 0x68, 0x77, 0x69, 0x73, 0x65,
    0x3b, 0x6d, 0x61, 0x72, 0x76, 0x69, 0x6e, 0x5f, 0x73, 0x5f, 0x31, 0x2f, 0x62, 0x61, 0x74, 0x63,
    0x68, 0x5f, 0x6e, 0x6f, 0x72, 0x6d, 0x61, 0x6c, 0x69, 0x7a, 0x61, 0x74, 0x69, 0x6f, 0x6e, 0x5f,
    0x31, 0x30, 0x5f, 0x31, 0x2f, 0x62, 0x61, 0x74, 0x63, 0x68, 0x6e, 0x6f, 0x72, 0x6d, 0x2f, 0x6d,
    0x75, 0x6c, 0x3b, 0x6d, 0x61, 0x72, 0x76, 0x69, 0x6e, 0x5f, 0x73, 0x5f, 0x31, 0x2f, 0x62, 0x61,
    0x74, 0x63, 0x68, 0x5f, 0x6e, 0x6f, 0x72, 0x6d, 0x61, 0x6c, 0x69, 0x7a, 0x61, 0x74, 0x69, 0x6f,
    0x6e, 0x5f, 0x31, 0x30, 0x5f, 0x31, 0x2f, 0x62, 0x61, 0x74, 0x63, 0x68, 0x6e, 0x6f, 0x72, 0x6d,
    0x2f, 0x73, 0x75, 0x62, 0x31, 0x00, 0x00, 0x00, 0x04, 0x00, 0x00, 0x00, 0x01, 0x00, 0x00, 0x00,
    0x19, 0x00, 0x00, 0x00, 0x14, 0x00, 0x00, 0x00, 0x18, 0x00, 0x00, 0x00, 0xb2, 0xdc, 0xff, 0xff,
    0x00, 0x00, 0x00, 0x01, 0x18, 0x00, 0x00, 0x00, 0x28, 0x00, 0x00, 0x00, 0x44, 0x00, 0x00, 0x00,
    0x17, 0x00, 0x00, 0x00, 0x00, 0x00, 0x00, 0x09, 0xe0, 0x00, 0x00, 0x00, 0x04, 0x00, 0x00, 0x00,
    0xff, 0xff, 0xff, 0xff, 0x19, 0x00, 0x00, 0x00, 0x14, 0x00, 0x00, 0x00, 0x18, 0x00, 0x00, 0x00,
    0x9c, 0xdc, 0xff, 0xff, 0x08, 0x00, 0x00, 0x00, 0x10, 0x00, 0x00, 0x00, 0x01, 0x00, 0x00, 0x00,
    0x80, 0xff, 0xff, 0xff, 0xff, 0xff, 0xff, 0xff, 0x01, 0x00, 0x00, 0x00, 0x52, 0xc0, 0x69, 0x3d,
    0xa0, 0x00, 0x00, 0x00, 0x6d, 0x61, 0x72, 0x76, 0x69, 0x6e, 0x5f, 0x73, 0x5f, 0x31, 0x2f, 0x72,
    0x65, 0x5f, 0x6c, 0x75, 0x5f, 0x39, 0x5f, 0x31, 0x2f, 0x52, 0x65, 0x6c, 0x75, 0x3b, 0x6d, 0x61,
    0x72, 0x76, 0x69, 0x6e, 0x5f, 0x73, 0x5f, 0x31, 0x2f, 0x62, 0x61, 0x74, 0x63, 0x68, 0x5f, 0x6e,
    0x6f, 0x72, 0x6d, 0x61, 0x6c, 0x69, 0x7a, 0x61, 0x74, 0x69, 0x6f, 0x6e, 0x5f, 0x39, 0x5f, 0x31,
    0x2f, 0x62, 0x61, 0x74, 0x63, 0x68, 0x6e, 0x6f, 0x72, 0x6d, 0x2f, 0x61, 0x64, 0x64, 0x5f, 0x31,
    0x3b, 0x6d, 0x61, 0x72, 0x76, 0x69, 0x6e, 0x5f, 0x73, 0x5f, 0x31, 0x2f, 0x63, 0x6f, 0x6e, 0x76,
    0x32, 0x64, 0x5f, 0x35, 0x5f, 0x31, 0x2f, 0x63, 0x6f, 0x6e, 0x76, 0x6f, 0x6c, 0x75, 0x74, 0x69,
    0x6f, 0x6e, 0x3b, 0x6d, 0x61, 0x72, 0x76, 0x69, 0x6e, 0x5f, 0x73, 0x5f, 0x31, 0x2f, 0x62, 0x61,
    0x74, 0x63, 0x68, 0x5f, 0x6e, 0x6f, 0x72, 0x6d, 0x61, 0x6c, 0x69, 0x7a, 0x61, 0x74, 0x69, 0x6f,
    0x6e, 0x5f, 0x39, 0x5f, 0x31, 0x2f, 0x62, 0x61, 0x74, 0x63, 0x68, 0x6e, 0x6f, 0x72, 0x6d, 0x2f,
    0x73, 0x75, 0x62, 0x31, 0x00, 0x00, 0x00, 0x00, 0x04, 0x00, 0x00, 0x00, 0x01, 0x00, 0x00, 0x00,
    0x19, 0x00, 0x00, 0x00, 0x14, 0x00, 0x00, 0x00, 0x18, 0x00, 0x00, 0x00, 0xc2, 0xdd, 0xff, 0xff,
    0x00, 0x00, 0x00, 0x01, 0x18, 0x00, 0x00, 0x00, 0x28, 0x00, 0x00, 0x00, 0x48, 0x00, 0x00, 0x00,
    0x16, 0x00, 0x00, 0x00, 0x00, 0x00, 0x00, 0x09, 0x50, 0x01, 0x00, 0x00, 0x04, 0x00, 0x00, 0x00,
    0xff, 0xff, 0xff, 0xff, 0x19, 0x00, 0x00, 0x00, 0x14, 0x00, 0x00, 0x00, 0x18, 0x00, 0x00, 0x00,
    0xac, 0xdd, 0xff, 0xff, 0x08, 0x00, 0x00, 0x00, 0x14, 0x00, 0x00, 0x00, 0x01, 0x00, 0x00, 0x00,
    0x80, 0xff, 0xff, 0xff, 0xff, 0xff, 0xff, 0xff, 0x00, 0x00, 0x00, 0x00, 0x01, 0x00, 0x00, 0x00,
    0x2b, 0xef, 0x8a, 0x3d, 0x0c, 0x01, 0x00, 0x00, 0x6d, 0x61, 0x72, 0x76, 0x69, 0x6e, 0x5f, 0x73,
    0x5f, 0x31, 0x2f, 0x72, 0x65, 0x5f, 0x6c, 0x75, 0x5f, 0x38, 0x5f, 0x31, 0x2f, 0x52, 0x65, 0x6c,
    0x75, 0x3b, 0x6d, 0x61, 0x72, 0x76, 0x69, 0x6e, 0x5f, 0x73, 0x5f, 0x31, 0x2f, 0x62, 0x61, 0x74,
    0x63, 0x68, 0x5f, 0x6e, 0x6f, 0x72, 0x6d, 0x61, 0x6c, 0x69, 0x7a, 0x61, 0x74, 0x69, 0x6f, 0x6e,
    0x5f, 0x38, 0x5f, 0x31, 0x2f, 0x62, 0x61, 0x74, 0x63, 0x68, 0x6e, 0x6f, 0x72, 0x6d, 0x2f, 0x61,
    0x64, 0x64, 0x5f, 0x31, 0x3b, 0x6d, 0x61, 0x72, 0x76, 0x69, 0x6e, 0x5f, 0x73, 0x5f, 0x31, 0x2f,
    0x62, 0x61, 0x74, 0x63, 0x68, 0x5f, 0x6e, 0x6f, 0x72, 0x6d, 0x61, 0x6c, 0x69, 0x7a, 0x61, 0x74,
    0x69, 0x6f, 0x6e, 0x5f, 0x38, 0x5f, 0x31, 0x2f, 0x62, 0x61, 0x74, 0x63, 0x68, 0x6e, 0x6f, 0x72,
    0x6d, 0x2f, 0x6d, 0x75, 0x6c, 0x5f, 0x31, 0x3b, 0x6d, 0x61, 0x72, 0x76, 0x69, 0x6e, 0x5f, 0x73,
    0x5f, 0x31, 0x2f, 0x64, 0x65, 0x70, 0x74, 0x68, 0x77, 0x69, 0x73, 0x65, 0x5f, 0x63, 0x6f, 0x6e,
    0x76, 0x32, 0x64, 0x5f, 0x33, 0x5f, 0x31, 0x2f, 0x64, 0x65, 0x70, 0x74, 0x68, 0x77, 0x69, 0x73,
    0x65, 0x3b, 0x6d, 0x61, 0x72, 0x76, 0x69, 0x6e, 0x5f, 0x73, 0x5f, 0x31, 0x2f, 0x62, 0x61, 0x74,
    0x63, 0x68, 0x5f, 0x6e, 0x6f, 0x72, 0x6d, 0x61, 0x6c, 0x69, 0x7a, 0x61, 0x74, 0x69, 0x6f, 0x6e,
    0x5f, 0x38, 0x5f, 0x31, 0x2f, 0x62, 0x61, 0x74, 0x63, 0x68, 0x6e, 0x6f, 0x72, 0x6d, 0x2f, 0x6d,
    0x75, 0x6c, 0x3b, 0x6d, 0x61, 0x72, 0x76, 0x69, 0x6e, 0x5f, 0x73, 0x5f, 0x31, 0x2f, 0x62, 0x61,
    0x74, 0x63, 0x68, 0x5f, 0x6e, 0x6f, 0x72, 0x6d, 0x61, 0x6c, 0x69, 0x7a, 0x61, 0x74, 0x69, 0x6f,
    0x6e, 0x5f, 0x38, 0x5f, 0x31, 0x2f, 0x62, 0x61, 0x74, 0x63, 0x68, 0x6e, 0x6f, 0x72, 0x6d, 0x2f,
    0x73, 0x75, 0x62, 0x31, 0x00, 0x00, 0x00, 0x00, 0x04, 0x00, 0x00, 0x00, 0x01, 0x00, 0x00, 0x00,
    0x19, 0x00, 0x00, 0x00, 0x14, 0x00, 0x00, 0x00, 0x18, 0x00, 0x00, 0x00, 0x42, 0xdf, 0xff, 0xff,
    0x00, 0x00, 0x00, 0x01, 0x18, 0x00, 0x00, 0x00, 0x28, 0x00, 0x00, 0x00, 0x44, 0x00, 0x00, 0x00,
    0x15, 0x00, 0x00, 0x00, 0x00, 0x00, 0x00, 0x09, 0xe0, 0x00, 0x00, 0x00, 0x04, 0x00, 0x00, 0x00,
    0xff, 0xff, 0xff, 0xff, 0x19, 0x00, 0x00, 0x00, 0x14, 0x00, 0x00, 0x00, 0x18, 0x00, 0x00, 0x00,
    0x2c, 0xdf, 0xff, 0xff, 0x08, 0x00, 0x00, 0x00, 0x10, 0x00, 0x00, 0x00, 0x01, 0x00, 0x00, 0x00,
    0x80, 0xff, 0xff, 0xff, 0xff, 0xff, 0xff, 0xff, 0x01, 0x00, 0x00, 0x00, 0x15, 0x36, 0x76, 0x3d,
    0xa0, 0x00, 0x00, 0x00, 0x6d, 0x61, 0x72, 0x76, 0x69, 0x6e, 0x5f, 0x73, 0x5f, 0x31, 0x2f, 0x72,
    0x65, 0x5f, 0x6c, 0x75, 0x5f, 0x37, 0x5f, 0x31, 0x2f, 0x52, 0x65, 0x6c, 0x75, 0x3b, 0x6d, 0x61,
    0x72, 0x76, 0x69, 0x6e, 0x5f, 0x73, 0x5f, 0x31, 0x2f, 0x62, 0x61, 0x74, 0x63, 0x68, 0x5f, 0x6e,
    0x6f, 0x72, 0x6d, 0x61, 0x6c, 0x69, 0x7a, 0x61, 0x74, 0x69, 0x6f, 0x6e, 0x5f, 0x37, 0x5f, 0x31,
    0x2f, 0x62, 0x61, 0x74, 0x63, 0x68, 0x6e, 0x6f, 0x72, 0x6d, 0x2f, 0x61, 0x64, 0x64, 0x5f, 0x31,
    0x3b, 0x6d, 0x61, 0x72, 0x76, 0x69, 0x6e, 0x5f, 0x73, 0x5f, 0x31, 0x2f, 0x63, 0x6f, 0x6e, 0x76,
    0x32, 0x64, 0x5f, 0x34, 0x5f, 0x31, 0x2f, 0x63, 0x6f, 0x6e, 0x76, 0x6f, 0x6c, 0x75, 0x74, 0x69,
    0x6f, 0x6e, 0x3b, 0x6d, 0x61, 0x72, 0x76, 0x69, 0x6e, 0x5f, 0x73, 0x5f, 0x31, 0x2f, 0x62, 0x61,
    0x74, 0x63, 0x68, 0x5f, 0x6e, 0x6f, 0x72, 0x6d, 0x61, 0x6c, 0x69, 0x7a, 0x61, 0x74, 0x69, 0x6f,
    0x6e, 0x5f, 0x37, 0x5f, 0x31, 0x2f, 0x62, 0x61, 0x74, 0x63, 0x68, 0x6e, 0x6f, 0x72, 0x6d, 0x2f,
    0x73, 0x75, 0x62, 0x31, 0x00, 0x00, 0x00, 0x00, 0x04, 0x00, 0x00, 0x00, 0x01, 0x00, 0x00, 0x00,
    0x19, 0x00, 0x00, 0x00, 0x14, 0x00, 0x00, 0x00, 0x18, 0x00, 0x00, 0x00, 0x52, 0xe0, 0xff, 0xff,
    0x00, 0x00, 0x00, 0x01, 0x18, 0x00, 0x00, 0x00, 0x28, 0x00, 0x00, 0x00, 0x48, 0x00, 0x00, 0x00,
    0x14, 0x00, 0x00, 0x00, 0x00, 0x00, 0x00, 0x09, 0x50, 0x01, 0x00, 0x00, 0x04, 0x00, 0x00, 0x00,
    0xff, 0xff, 0xff, 0xff, 0x19, 0x00, 0x00, 0x00, 0x14, 0x00, 0x00, 0x00, 0x18, 0x00, 0x00, 0x00,
    0x3c, 0xe0, 0xff, 0xff, 0x08, 0x00, 0x00, 0x00, 0x14, 0x00, 0x00, 0x00, 0x01, 0x00, 0x00, 0x00,
    0x80, 0xff, 0xff, 0xff, 0xff, 0xff, 0xff, 0xff, 0x00, 0x00, 0x00, 0x00, 0x01, 0x00, 0x00, 0x00,
    0xe8, 0xc5, 0x50, 0x3d, 0x0c, 0x01, 0x00, 0x00, 0x6d, 0x61, 0x72, 0x76, 0x69, 0x6e, 0x5f, 0x73,
    0x5f, 0x31, 0x2f, 0x72, 0x65, 0x5f, 0x6c, 0x75, 0x5f, 0x36, 0x5f, 0x31, 0x2f, 0x52, 0x65, 0x6c,
    0x75, 0x3b, 0x6d, 0x61, 0x72, 0x76, 0x69, 0x6e, 0x5f, 0x73, 0x5f, 0x31, 0x2f, 0x62, 0x61, 0x74,
    0x63, 0x68, 0x5f, 0x6e, 0x6f, 0x72, 0x6d, 0x61, 0x6c, 0x69, 0x7a, 0x61, 0x74, 0x69, 0x6f, 0x6e,
    0x5f, 0x36, 0x5f, 0x31, 0x2f, 0x62, 0x61, 0x74, 0x63, 0x68, 0x6e, 0x6f, 0x72, 0x6d, 0x2f, 0x61,
    0x64, 0x64, 0x5f, 0x31, 0x3b, 0x6d, 0x61, 0x72, 0x76, 0x69, 0x6e, 0x5f, 0x73, 0x5f, 0x31, 0x2f,
    0x62, 0x61, 0x74, 0x63, 0x68, 0x5f, 0x6e, 0x6f, 0x72, 0x6d, 0x61, 0x6c, 0x69, 0x7a, 0x61, 0x74,
    0x69, 0x6f, 0x6e, 0x5f, 0x36, 0x5f, 0x31, 0x2f, 0x62, 0x61, 0x74, 0x63, 0x68, 0x6e, 0x6f, 0x72,
    0x6d, 0x2f, 0x6d, 0x75, 0x6c, 0x5f, 0x31, 0x3b, 0x6d, 0x61, 0x72, 0x76, 0x69, 0x6e, 0x5f, 0x73,
    0x5f, 0x31, 0x2f, 0x64, 0x65, 0x70, 0x74, 0x68, 0x77, 0x69, 0x73, 0x65, 0x5f, 0x63, 0x6f, 0x6e,
    0x76, 0x32, 0x64, 0x5f, 0x32, 0x5f, 0x31, 0x2f, 0x64, 0x65, 0x70, 0x74, 0x68, 0x77, 0x69, 0x73,
    0x65, 0x3b, 0x6d, 0x61, 0x72, 0x76, 0x69, 0x6e, 0x5f, 0x73, 0x5f, 0x31, 0x2f, 0x62, 0x61, 0x74,
    0x63, 0x68, 0x5f, 0x6e, 0x6f, 0x72, 0x6d, 0x61, 0x6c, 0x69, 0x7a, 0x61, 0x74, 0x69, 0x6f, 0x6e,
    0x5f, 0x36, 0x5f, 0x31, 0x2f, 0x62, 0x61, 0x74, 0x63, 0x68, 0x6e, 0x6f, 0x72, 0x6d, 0x2f, 0x6d,
    0x75, 0x6c, 0x3b, 0x6d, 0x61, 0x72, 0x76, 0x69, 0x6e, 0x5f, 0x73, 0x5f, 0x31, 0x2f, 0x62, 0x61,
    0x74, 0x63, 0x68, 0x5f, 0x6e, 0x6f, 0x72, 0x6d, 0x61, 0x6c, 0x69, 0x7a, 0x61, 0x74, 0x69, 0x6f,
    0x6e, 0x5f, 0x36, 0x5f, 0x31, 0x2f, 0x62, 0x61, 0x74, 0x63, 0x68, 0x6e, 0x6f, 0x72, 0x6d, 0x2f,
    0x73, 0x75, 0x62, 0x31, 0x00, 0x00, 0x00, 0x00, 0x04, 0x00, 0x00, 0x00, 0x01, 0x00, 0x00, 0x00,
    0x19, 0x00, 0x00, 0x00, 0x14, 0x00, 0x00, 0x00, 0x18, 0x00, 0x00, 0x00, 0xd2, 0xe1, 0xff, 0xff,
    0x00, 0x00, 0x00, 0x01, 0x18, 0x00, 0x00, 0x00, 0x28, 0x00, 0x00, 0x00, 0x44, 0x00, 0x00, 0x00,
    0x13, 0x00, 0x00, 0x00, 0x00, 0x00, 0x00, 0x09, 0xe0, 0x00, 0x00, 0x00, 0x04, 0x00, 0x00, 0x00,
    0xff, 0xff, 0xff, 0xff, 0x19, 0x00, 0x00, 0x00, 0x14, 0x00, 0x00, 0x00, 0x18, 0x00, 0x00, 0x00,
    0xbc, 0xe1, 0xff, 0xff, 0x08, 0x00, 0x00, 0x00, 0x10, 0x00, 0x00, 0x00, 0x01, 0x00, 0x00, 0x00,
    0x80, 0xff, 0xff, 0xff, 0xff, 0xff, 0xff, 0xff, 0x01, 0x00, 0x00, 0x00, 0xc7, 0xbf, 0x46, 0x3d,
    0xa0, 0x00, 0x00, 0x00, 0x6d, 0x61, 0x72, 0x76, 0x69, 0x6e, 0x5f, 0x73, 0x5f, 0x31, 0x2f, 0x72,
    0x65, 0x5f, 0x6c, 0x75, 0x5f, 0x35, 0x5f, 0x31, 0x2f, 0x52, 0x65, 0x6c, 0x75, 0x3b, 0x6d, 0x61,
    0x72, 0x76, 0x69, 0x6e, 0x5f, 0x73, 0x5f, 0x31, 0x2f, 0x62, 0x61, 0x74, 0x63, 0x68, 0x5f, 0x6e,
    0x6f, 0x72, 0x6d, 0x61, 0x6c, 0x69, 0x7a, 0x61, 0x74, 0x69, 0x6f, 0x6e, 0x5f, 0x35, 0x5f, 0x31,
    0x2f, 0x62, 0x61, 0x74, 0x63, 0x68, 0x6e, 0x6f, 0x72, 0x6d, 0x2f, 0x61, 0x64, 0x64, 0x5f, 0x31,
    0x3b, 0x6d, 0x61, 0x72, 0x76, 0x69, 0x6e, 0x5f, 0x73, 0x5f, 0x31, 0x2f, 0x63, 0x6f, 0x6e, 0x76,
    0x32, 0x64, 0x5f, 0x33, 0x5f, 0x31, 0x2f, 0x63, 0x6f, 0x6e, 0x76, 0x6f, 0x6c, 0x75, 0x74, 0x69,
    0x6f, 0x6e, 0x3b, 0x6d, 0x61, 0x72, 0x76, 0x69, 0x6e, 0x5f, 0x73, 0x5f, 0x31, 0x2f, 0x62, 0x61,
    0x74, 0x63, 0x68, 0x5f, 0x6e, 0x6f, 0x72, 0x6d, 0x61, 0x6c, 0x69, 0x7a, 0x61, 0x74, 0x69, 0x6f,
    0x6e, 0x5f, 0x35, 0x5f, 0x31, 0x2f, 0x62, 0x61, 0x74, 0x63, 0x68, 0x6e, 0x6f, 0x72, 0x6d, 0x2f,
    0x73, 0x75, 0x62, 0x31, 0x00, 0x00, 0x00, 0x00, 0x04, 0x00, 0x00, 0x00, 0x01, 0x00, 0x00, 0x00,
    0x19, 0x00, 0x00, 0x00, 0x14, 0x00, 0x00, 0x00, 0x18, 0x00, 0x00, 0x00, 0x6a, 0xe3, 0xff, 0xff,
    0x00, 0x00, 0x00, 0x01, 0x14, 0x00, 0x00, 0x00, 0x48, 0x01, 0x00, 0x00, 0x12, 0x00, 0x00, 0x00,
    0x00, 0x00, 0x00, 0x09, 0x64, 0x01, 0x00, 0x00, 0xb4, 0xe2, 0xff, 0xff, 0x08, 0x00, 0x00, 0x00,
    0xcc, 0x00, 0x00, 0x00, 0x18, 0x00, 0x00, 0x00, 0x00, 0x00, 0x00, 0x00, 0x00, 0x00, 0x00, 0x00,
    0x00, 0x00, 0x00, 0x00, 0x00, 0x00, 0x00, 0x00, 0x00, 0x00, 0x00, 0x00, 0x00, 0x00, 0x00, 0x00,
    0x00, 0x00, 0x00, 0x00, 0x00, 0x00, 0x00, 0x00, 0x00, 0x00, 0x00, 0x00, 0x00, 0x00, 0x00, 0x00,
    0x00, 0x00, 0x00, 0x00, 0x00, 0x00, 0x00, 0x00, 0x00, 0x00, 0x00, 0x00, 0x00, 0x00, 0x00, 0x00,
    0x00, 0x00, 0x00, 0x00, 0x00, 0x00, 0x00, 0x00, 0x00, 0x00, 0x00, 0x00, 0x00, 0x00, 0x00, 0x00,
    0x00, 0x00, 0x00, 0x00, 0x00, 0x00, 0x00, 0x00, 0x00, 0x00, 0x00, 0x00, 0x00, 0x00, 0x00, 0x00,
    0x00, 0x00, 0x00, 0x00, 0x00, 0x00, 0x00, 0x00, 0x00, 0x00, 0x00, 0x00, 0x00, 0x00, 0x00, 0x00,
    0x00, 0x00, 0x00, 0x00, 0x00, 0x00, 0x00, 0x00, 0x00, 0x00, 0x00, 0x00, 0x00, 0x00, 0x00, 0x00,
    0x00, 0x00, 0x00, 0x00, 0x00, 0x00, 0x00, 0x00, 0x00, 0x00, 0x00, 0x00, 0x00, 0x00, 0x00, 0x00,
    0x00, 0x00, 0x00, 0x00, 0x00, 0x00, 0x00, 0x00, 0x00, 0x00, 0x00, 0x00, 0x00, 0x00, 0x00, 0x00,
    0x00, 0x00, 0x00, 0x00, 0x00, 0x00, 0x00, 0x00, 0x00, 0x00, 0x00, 0x00, 0x00, 0x00, 0x00, 0x00,
    0x00, 0x00, 0x00, 0x00, 0x00, 0x00, 0x00, 0x00, 0x00, 0x00, 0x00, 0x00, 0x00, 0x00, 0x00, 0x00,
    0x00, 0x00, 0x00, 0x00, 0x00, 0x00, 0x00, 0x00, 0x00, 0x00, 0x00, 0x00, 0x18, 0x00, 0x00, 0x00,
    0x28, 0x27, 0x1e, 0x3b, 0x17, 0xc7, 0xb4, 0x3a, 0x7c, 0x04, 0x17, 0x3b, 0xb4, 0x8c, 0x3e, 0x3b,
    0x9b, 0xb9, 0xa1, 0x3b, 0x1d, 0x9b, 0xfb, 0x3a, 0x5e, 0x68, 0x42, 0x3b, 0xaf, 0xbc, 0x8a, 0x3a,
    0x59, 0xfb, 0xb0, 0x3a, 0x4c, 0xf3, 0x89, 0x3b, 0x8b, 0xbb, 0x29, 0x3b, 0x8f, 0x69, 0x2d, 0x3b,
    0xef, 0x29, 0x05, 0x3b, 0x55, 0xa5, 0xf1, 0x3a, 0xb9, 0xd0, 0xa2, 0x3a, 0x42, 0x69, 0xc7, 0x3a,
    0x71, 0x99, 0x20, 0x3b, 0x69, 0x38, 0x80, 0x3b, 0x5b, 0xf7, 0x09, 0x3b, 0x63, 0x4e, 0x85, 0x3b,
    0x28, 0x22, 0xee, 0x3a, 0x13, 0x68, 0x78, 0x3a, 0x72, 0x00, 0x58, 0x3b, 0x24, 0x1a, 0x0e, 0x3b,
    0x21, 0x00, 0x00, 0x00, 0x6d, 0x61, 0x72, 0x76, 0x69, 0x6e, 0x5f, 0x73, 0x5f, 0x31, 0x2f, 0x63,
    0x6f, 0x6e, 0x76, 0x32, 0x64, 0x5f, 0x33, 0x5f, 0x31, 0x2f, 0x63, 0x6f, 0x6e, 0x76, 0x6f, 0x6c,
    0x75, 0x74, 0x69, 0x6f, 0x6e, 0x00, 0x00, 0x00, 0x04, 0x00, 0x00, 0x00, 0x18, 0x00, 0x00, 0x00,
    0x0a, 0x00, 0x00, 0x00, 0x04, 0x00, 0x00, 0x00, 0x01, 0x00, 0x00, 0x00, 0xfa, 0xe4, 0xff, 0xff,
    0x00, 0x00, 0x00, 0x01, 0x14, 0x00, 0x00, 0x00, 0x44, 0x01, 0x00, 0x00, 0x11, 0x00, 0x00, 0x00,
    0x00, 0x00, 0x00, 0x02, 0xdc, 0x01, 0x00, 0x00, 0x44, 0xe4, 0xff, 0xff, 0x08, 0x00, 0x00, 0x00,
    0xc8, 0x00, 0x00, 0x00, 0x18, 0x00, 0x00, 0x00, 0x00, 0x00, 0x00, 0x00, 0x00, 0x00, 0x00, 0x00,
    0x00, 0x00, 0x00, 0x00, 0x00, 0x00, 0x00, 0x00, 0x00, 0x00, 0x00, 0x00, 0x00, 0x00, 0x00, 0x00,
    0x00, 0x00, 0x00, 0x00, 0x00, 0x00, 0x00, 0x00, 0x00, 0x00, 0x00, 0x00, 0x00, 0x00, 0x00, 0x00,
    0x00, 0x00, 0x00, 0x00, 0x00, 0x00, 0x00, 0x00, 0x00, 0x00, 0x00, 0x00, 0x00, 0x00, 0x00, 0x00,
    0x00, 0x00, 0x00, 0x00, 0x00, 0x00, 0x00, 0x00, 0x00, 0x00, 0x00, 0x00, 0x00, 0x00, 0x00, 0x00,
    0x00, 0x00, 0x00, 0x00, 0x00, 0x00, 0x00, 0x00, 0x00, 0x00, 0x00, 0x00, 0x00, 0x00, 0x00, 0x00,
    0x00, 0x00, 0x00, 0x00, 0x00, 0x00, 0x00, 0x00, 0x00, 0x00, 0x00, 0x00, 0x00, 0x00, 0x00, 0x00,
    0x00, 0x00, 0x00, 0x00, 0x00, 0x00, 0x00, 0x00, 0x00, 0x00, 0x00, 0x00, 0x00, 0x00, 0x00, 0x00,
    0x00, 0x00, 0x00, 0x00, 0x00, 0x00, 0x00, 0x00, 0x00, 0x00, 0x00, 0x00, 0x00, 0x00, 0x00, 0x00,
    0x00, 0x00, 0x00, 0x00, 0x00, 0x00, 0x00, 0x00, 0x00, 0x00, 0x00, 0x00, 0x00, 0x00, 0x00, 0x00,
    0x00, 0x00, 0x00, 0x00, 0x00, 0x00, 0x00, 0x00, 0x00, 0x00, 0x00, 0x00, 0x00, 0x00, 0x00, 0x00,
    0x00, 0x00, 0x00, 0x00, 0x00, 0x00, 0x00, 0x00, 0x00, 0x00, 0x00, 0x00, 0x00, 0x00, 0x00, 0x00,
    0x00, 0x00, 0x00, 0x00, 0x00, 0x00, 0x00, 0x00, 0x18, 0x00, 0x00, 0x00, 0x76, 0xf6, 0x68, 0x38,
    0x0e, 0x25, 0x05, 0x38, 0xbc, 0x73, 0x5e, 0x38, 0x85, 0x57, 0x8c, 0x38, 0x77, 0x39, 0xee, 0x38,
    0x7c, 0x4f, 0x39, 0x38, 0xf2, 0x2e, 0x8f, 0x38, 0xd9, 0x5c, 0xcc, 0x37, 0x5b, 0x59, 0x02, 0x38,
    0x33, 0x34, 0xcb, 0x38, 0x11, 0x05, 0x7a, 0x38, 0xad, 0x70, 0x7f, 0x38, 0x37, 0x27, 0x44, 0x38,
    0x8b, 0xf9, 0x31, 0x38, 0x9c, 0xd4, 0xef, 0x37, 0x55, 0xde, 0x12, 0x38, 0xfe, 0x90, 0x6c, 0x38,
    0x12, 0xdf, 0xbc, 0x38, 0x2e, 0x3a, 0x4b, 0x38, 0xe9, 0x5c, 0xc4, 0x38, 0x4a, 0x63, 0x2f, 0x38,
    0x41, 0xf4, 0xb6, 0x37, 0x6f, 0x16, 0x9f, 0x38, 0xcb, 0x51, 0x51, 0x38, 0x9f, 0x00, 0x00, 0x00,
    0x6d, 0x61, 0x72, 0x76, 0x69, 0x6e, 0x5f, 0x73, 0x5f, 0x31, 0x2f, 0x72, 0x65, 0x5f, 0x6c, 0x75,
    0x5f, 0x35, 0x5f, 0x31, 0x2f, 0x52, 0x65, 0x6c, 0x75, 0x3b, 0x6d, 0x61, 0x72, 0x76, 0x69, 0x6e,
    0x5f, 0x73, 0x5f, 0x31, 0x2f, 0x62, 0x61, 0x74, 0x63, 0x68, 0x5f, 0x6e, 0x6f, 0x72, 0x6d, 0x61,
    0x6c, 0x69, 0x7a, 0x61, 0x74, 0x69, 0x6f, 0x6e, 0x5f, 0x35, 0x5f, 0x31, 0x2f, 0x62, 0x61, 0x74,
    0x63, 0x68, 0x6e, 0x6f, 0x72, 0x6d, 0x2f, 0x61, 0x64, 0x64, 0x5f, 0x31, 0x3b, 0x6d, 0x61, 0x72,
    0x76, 0x69, 0x6e, 0x5f, 0x73, 0x5f, 0x31, 0x2f, 0x63, 0x6f, 0x6e, 0x76, 0x32, 0x64, 0x5f, 0x33,
    0x5f, 0x31, 0x2f, 0x63, 0x6f, 0x6e, 0x76, 0x6f, 0x6c, 0x75, 0x74, 0x69, 0x6f, 0x6e, 0x3b, 0x6d,
    0x61, 0x72, 0x76, 0x69, 0x6e, 0x5f, 0x73, 0x5f, 0x31, 0x2f, 0x62, 0x61, 0x74, 0x63, 0x68, 0x5f,
    0x6e, 0x6f, 0x72, 0x6d, 0x61, 0x6c, 0x69, 0x7a, 0x61, 0x74, 0x69, 0x6f, 0x6e, 0x5f, 0x35, 0x5f,
    0x31, 0x2f, 0x62, 0x61, 0x74, 0x63, 0x68, 0x6e, 0x6f, 0x72, 0x6d, 0x2f, 0x73, 0x75, 0x62, 0x00,
    0x01, 0x00, 0x00, 0x00, 0x18, 0x00, 0x00, 0x00, 0xf6, 0xe6, 0xff, 0xff, 0x00, 0x00, 0x00, 0x01,
    0x14, 0x00, 0x00, 0x00, 0x48, 0x01, 0x00, 0x00, 0x10, 0x00, 0x00, 0x00, 0x00, 0x00, 0x00, 0x09,
    0xd0, 0x01, 0x00, 0x00, 0x02, 0xf0, 0xff, 0xff, 0x03, 0x00, 0x00, 0x00, 0x08, 0x00, 0x00, 0x00,
    0xc8, 0x00, 0x00, 0x00, 0x18, 0x00, 0x00, 0x00, 0x00, 0x00, 0x00, 0x00, 0x00, 0x00, 0x00, 0x00,
    0x00, 0x00, 0x00, 0x00, 0x00, 0x00, 0x00, 0x00, 0x00, 0x00, 0x00, 0x00, 0x00, 0x00, 0x00, 0x00,
    0x00, 0x00, 0x00, 0x00, 0x00, 0x00, 0x00, 0x00, 0x00, 0x00, 0x00, 0x00, 0x00, 0x00, 0x00, 0x00,
    0x00, 0x00, 0x00, 0x00, 0x00, 0x00, 0x00, 0x00, 0x00, 0x00, 0x00, 0x00, 0x00, 0x00, 0x00, 0x00,
    0x00, 0x00, 0x00, 0x00, 0x00, 0x00, 0x00, 0x00, 0x00, 0x00, 0x00, 0x00, 0x00, 0x00, 0x00, 0x00,
    0x00, 0x00, 0x00, 0x00, 0x00, 0x00, 0x00, 0x00, 0x00, 0x00, 0x00, 0x00, 0x00, 0x00, 0x00, 0x00,
    0x00, 0x00, 0x00, 0x00, 0x00, 0x00, 0x00, 0x00, 0x00, 0x00, 0x00, 0x00, 0x00, 0x00, 0x00, 0x00,
    0x00, 0x00, 0x00, 0x00, 0x00, 0x00, 0x00, 0x00, 0x00, 0x00, 0x00, 0x00, 0x00, 0x00, 0x00, 0x00,
    0x00, 0x00, 0x00, 0x00, 0x00, 0x00, 0x00, 0x00, 0x00, 0x00, 0x00, 0x00, 0x00, 0x00, 0x00, 0x00,
    0x00, 0x00, 0x00, 0x00, 0x00, 0x00, 0x00, 0x00, 0x00, 0x00, 0x00, 0x00, 0x00, 0x00, 0x00, 0x00,
    0x00, 0x00, 0x00, 0x00, 0x00, 0x00, 0x00, 0x00, 0x00, 0x00, 0x00, 0x00, 0x00, 0x00, 0x00, 0x00,
    0x00, 0x00, 0x00, 0x00, 0x00, 0x00, 0x00, 0x00, 0x00, 0x00, 0x00, 0x00, 0x00, 0x00, 0x00, 0x00,
    0x00, 0x00, 0x00, 0x00, 0x00, 0x00, 0x00, 0x00, 0x18, 0x00, 0x00, 0x00, 0x0e, 0x32, 0xda, 0x3b,
    0x3d, 0x24, 0x8a, 0x3c, 0x0d, 0x84, 0x1c, 0x3c, 0x80, 0xa6, 0xba, 0x3b, 0x68, 0x10, 0x5f, 0x3c,
    0xe3, 0x70, 0x6b, 0x3c, 0xa6, 0xc4, 0x5b, 0x3c, 0xb3, 0xf0, 0x3e, 0x3c, 0x4f, 0xf4, 0x6c, 0x3c,
    0xff, 0xb3, 0x3c, 0x3c, 0x32, 0xce, 0xbc, 0x3c, 0x14, 0x53, 0x92, 0x3c, 0x3f, 0xf9, 0xf4, 0x3b,
    0x9d, 0x68, 0x97, 0x3b, 0x31, 0x89, 0x0a, 0x3c, 0x47, 0x3c, 0xa6, 0x3b, 0x3f, 0x05, 0x0e, 0x3c,
    0x42, 0x6f, 0x0a, 0x3c, 0x6c, 0xa2, 0x8d, 0x3c, 0x6a, 0x4e, 0x13, 0x3c, 0xc9, 0x87, 0x43, 0x3b,
    0x28, 0x4f, 0x24, 0x3c, 0x04, 0xc5, 0x8c, 0x3b, 0xce, 0x73, 0x87, 0x3c, 0x8d, 0x00, 0x00, 0x00,
    0x6d, 0x61, 0x72, 0x76, 0x69, 0x6e, 0x5f, 0x73, 0x5f, 0x31, 0x2f, 0x62, 0x61, 0x74, 0x63, 0x68,
    0x5f, 0x6e, 0x6f, 0x72, 0x6d, 0x61, 0x6c, 0x69, 0x7a, 0x61, 0x74, 0x69, 0x6f, 0x6e, 0x5f, 0x36,
    0x5f, 0x31, 0x2f, 0x62, 0x61, 0x74, 0x63, 0x68, 0x6e, 0x6f, 0x72, 0x6d, 0x2f, 0x6d, 0x75, 0x6c,
    0x5f, 0x31, 0x3b, 0x6d, 0x61, 0x72, 0x76, 0x69, 0x6e, 0x5f, 0x73, 0x5f, 0x31, 0x2f, 0x64, 0x65,
    0x70, 0x74, 0x68, 0x77, 0x69, 0x73, 0x65, 0x5f, 0x63, 0x6f, 0x6e, 0x76, 0x32, 0x64, 0x5f, 0x32,
    0x5f, 0x31, 0x2f, 0x64, 0x65, 0x70, 0x74, 0x68, 0x77, 0x69, 0x73, 0x65, 0x3b, 0x6d, 0x61, 0x72,
    0x76, 0x69, 0x6e, 0x5f, 0x73, 0x5f, 0x31, 0x2f, 0x62, 0x61, 0x74, 0x63, 0x68, 0x5f, 0x6e, 0x6f,
    0x72, 0x6d, 0x61, 0x6c, 0x69, 0x7a, 0x61, 0x74, 0x69, 0x6f, 0x6e, 0x5f, 0x36, 0x5f, 0x31, 0x2f,
    0x62, 0x61, 0x74, 0x63, 0x68, 0x6e, 0x6f, 0x72, 0x6d, 0x2f, 0x6d, 0x75, 0x6c, 0x00, 0x00, 0x00,
    0x04, 0x00, 0x00, 0x00, 0x01, 0x00, 0x00, 0x00, 0x03, 0x00, 0x00, 0x00, 0x03, 0x00, 0x00, 0x00,
    0x18, 0x00, 0x00, 0x00, 0xf2, 0xe8, 0xff, 0xff, 0x00, 0x00, 0x00, 0x01, 0x14, 0x00, 0x00, 0x00,
    0x44, 0x01, 0x00, 0x00, 0x0f, 0x00, 0x00, 0x00, 0x00, 0x00, 0x00, 0x02, 0x48, 0x02, 0x00, 0x00,
    0x3c, 0xe8, 0xff, 0xff, 0x08, 0x00, 0x00, 0x00, 0xc8, 0x00, 0x00, 0x00, 0x18, 0x00, 0x00, 0x00,
    0x00, 0x00, 0x00, 0x00, 0x00, 0x00, 0x00, 0x00, 0x00, 0x00, 0x00, 0x00, 0x00, 0x00, 0x00, 0x00,
    0x00, 0x00, 0x00, 0x00, 0x00, 0x00, 0x00, 0x00, 0x00, 0x00, 0x00, 0x00, 0x00, 0x00, 0x00, 0x00,
    0x00, 0x00, 0x00, 0x00, 0x00, 0x00, 0x00, 0x00, 0x00, 0x00, 0x00, 0x00, 0x00, 0x00, 0x00, 0x00,
    0x00, 0x00, 0x00, 0x00, 0x00, 0x00, 0x00, 0x00, 0x00, 0x00, 0x00, 0x00, 0x00, 0x00, 0x00, 0x00,
    0x00, 0x00, 0x00, 0x00, 0x00, 0x00, 0x00, 0x00, 0x00, 0x00, 0x00, 0x00, 0x00, 0x00, 0x00, 0x00,
    0x00, 0x00, 0x00, 0x00, 0x00, 0x00, 0x00, 0x00, 0x00, 0x00, 0x00, 0x00, 0x00, 0x00, 0x00, 0x00,
    0x00, 0x00, 0x00, 0x00, 0x00, 0x00, 0x00, 0x00, 0x00, 0x00, 0x00, 0x00, 0x00, 0x00, 0x00, 0x00,
    0x00, 0x00, 0x00, 0x00, 0x00, 0x00, 0x00, 0x00, 0x00, 0x00, 0x00, 0x00, 0x00, 0x00, 0x00, 0x00,
    0x00, 0x00, 0x00, 0x00, 0x00, 0x00, 0x00, 0x00, 0x00, 0x00, 0x00, 0x00, 0x00, 0x00, 0x00, 0x00,
    0x00, 0x00, 0x00, 0x00, 0x00, 0x00, 0x00, 0x00, 0x00, 0x00, 0x00, 0x00, 0x00, 0x00, 0x00, 0x00,
    0x00, 0x00, 0x00, 0x00, 0x00, 0x00, 0x00, 0x00, 0x00, 0x00, 0x00, 0x00, 0x00, 0x00, 0x00, 0x00,
    0x00, 0x00, 0x00, 0x00, 0x00, 0x00, 0x00, 0x00, 0x00, 0x00, 0x00, 0x00, 0x00, 0x00, 0x00, 0x00,
    0x18, 0x00, 0x00, 0x00, 0x2c, 0x66, 0xa9, 0x39, 0x07, 0x7f, 0x56, 0x3a, 0xc4, 0x06, 0xf3, 0x39,
    0x9a, 0xe8, 0x90, 0x39, 0xcb, 0x2d, 0x2d, 0x3a, 0xb0, 0xc9, 0x36, 0x3a, 0xbb, 0x9e, 0x2a, 0x3a,
    0x34, 0x3d, 0x14, 0x3a, 0x78, 0xf6, 0x37, 0x3a, 0x94, 0x80, 0x12, 0x3a, 0xeb, 0x94, 0x92, 0x3a,
    0xbe, 0x33, 0x63, 0x3a, 0x4b, 0x30, 0xbe, 0x39, 0xac, 0x18, 0x6b, 0x39, 0xc8, 0x1b, 0xd7, 0x39,
    0x27, 0x0f, 0x81, 0x39, 0xe6, 0x84, 0xdc, 0x39, 0x83, 0xf3, 0xd6, 0x39, 0x74, 0xeb, 0x5b, 0x3a,
    0x00, 0xba, 0xe4, 0x39, 0x80, 0xcd, 0x17, 0x39, 0x9f, 0x20, 0xff, 0x39, 0xab, 0x93, 0x5a, 0x39,
    0x14, 0x52, 0x52, 0x3a, 0x0b, 0x01, 0x00, 0x00, 0x6d, 0x61, 0x72, 0x76, 0x69, 0x6e, 0x5f, 0x73,
    0x5f, 0x31, 0x2f, 0x72, 0x65, 0x5f, 0x6c, 0x75, 0x5f, 0x36, 0x5f, 0x31, 0x2f, 0x52, 0x65, 0x6c,
    0x75, 0x3b, 0x6d, 0x61, 0x72, 0x76, 0x69, 0x6e, 0x5f, 0x73, 0x5f, 0x31, 0x2f, 0x62, 0x61, 0x74,
    0x63, 0x68, 0x5f, 0x6e, 0x6f, 0x72, 0x6d, 0x61, 0x6c, 0x69, 0x7a, 0x61, 0x74, 0x69, 0x6f, 0x6e,
    0x5f, 0x36, 0x5f, 0x31, 0x2f, 0x62, 0x61, 0x74, 0x63, 0x68, 0x6e, 0x6f, 0x72, 0x6d, 0x2f, 0x61,
    0x64, 0x64, 0x5f, 0x31, 0x3b, 0x6d, 0x61, 0x72, 0x76, 0x69, 0x6e, 0x5f, 0x73, 0x5f, 0x31, 0x2f,
    0x62, 0x61, 0x74, 0x63, 0x68, 0x5f, 0x6e, 0x6f, 0x72, 0x6d, 0x61, 0x6c, 0x69, 0x7a, 0x61, 0x74,
    0x69, 0x6f, 0x6e, 0x5f, 0x36, 0x5f, 0x31, 0x2f, 0x62, 0x61, 0x74, 0x63, 0x68, 0x6e, 0x6f, 0x72,
    0x6d, 0x2f, 0x6d, 0x75, 0x6c, 0x5f, 0x31, 0x3b, 0x6d, 0x61, 0x72, 0x76, 0x69, 0x6e, 0x5f, 0x73,
    0x5f, 0x31, 0x2f, 0x64, 0x65, 0x70, 0x74, 0x68, 0x77, 0x69, 0x73, 0x65, 0x5f, 0x63, 0x6f, 0x6e,
    0x76, 0x32, 0x64, 0x5f, 0x32, 0x5f, 0x31, 0x2f, 0x64, 0x65, 0x70, 0x74, 0x68, 0x77, 0x69, 0x73,
    0x65, 0x3b, 0x6d, 0x61, 0x72, 0x76, 0x69, 0x6e, 0x5f, 0x73, 0x5f, 0x31, 0x2f, 0x62, 0x61, 0x74,
    0x63, 0x68, 0x5f, 0x6e, 0x6f, 0x72, 0x6d, 0x61, 0x6c, 0x69, 0x7a, 0x61, 0x74, 0x69, 0x6f, 0x6e,
    0x5f, 0x36, 0x5f, 0x31, 0x2f, 0x62, 0x61, 0x74, 0x63, 0x68, 0x6e, 0x6f, 0x72, 0x6d, 0x2f, 0x6d,
    0x75, 0x6c, 0x3b, 0x6d, 0x61, 0x72, 0x76, 0x69, 0x6e, 0x5f, 0x73, 0x5f, 0x31, 0x2f, 0x62, 0x61,
    0x74, 0x63, 0x68, 0x5f, 0x6e, 0x6f, 0x72, 0x6d, 0x61, 0x6c, 0x69, 0x7a, 0x61, 0x74, 0x69, 0x6f,
    0x6e, 0x5f, 0x36, 0x5f, 0x31, 0x2f, 0x62, 0x61, 0x74, 0x63, 0x68, 0x6e, 0x6f, 0x72, 0x6d, 0x2f,
    0x73, 0x75, 0x62, 0x00, 0x01, 0x00, 0x00, 0x00, 0x18, 0x00, 0x00, 0x00, 0x5a, 0xeb, 0xff, 0xff,
    0x00, 0x00, 0x00, 0x01, 0x14, 0x00, 0x00, 0x00, 0x48, 0x01, 0x00, 0x00, 0x0e, 0x00, 0x00, 0x00,
    0x00, 0x00, 0x00, 0x09, 0x64, 0x01, 0x00, 0x00, 0xa4, 0xea, 0xff, 0xff, 0x08, 0x00, 0x00, 0x00,
    0xcc, 0x00, 0x00, 0x00, 0x18, 0x00, 0x00, 0x00, 0x00, 0x00, 0x00, 0x00, 0x00, 0x00, 0x00, 0x00,
    0x00, 0x00, 0x00, 0x00, 0x00, 0x00, 0x00, 0x00, 0x00, 0x00, 0x00, 0x00, 0x00, 0x00, 0x00, 0x00,
    0x00, 0x00, 0x00, 0x00, 0x00, 0x00, 0x00, 0x00, 0x00, 0x00, 0x00, 0x00, 0x00, 0x00, 0x00, 0x00,
    0x00, 0x00, 0x00, 0x00, 0x00, 0x00, 0x00, 0x00, 0x00, 0x00, 0x00, 0x00, 0x00, 0x00, 0x00, 0x00,
    0x00, 0x00, 0x00, 0x00, 0x00, 0x00, 0x00, 0x00, 0x00, 0x00, 0x00, 0x00, 0x00, 0x00, 0x00, 0x00,
    0x00, 0x00, 0x00, 0x00, 0x00, 0x00, 0x00, 0x00, 0x00, 0x00, 0x00, 0x00, 0x00, 0x00, 0x00, 0x00,
    0x00, 0x00, 0x00, 0x00, 0x00, 0x00, 0x00, 0x00, 0x00, 0x00, 0x00, 0x00, 0x00, 0x00, 0x00, 0x00,
    0x00, 0x00, 0x00, 0x00, 0x00, 0x00, 0x00, 0x00, 0x00, 0x00, 0x00, 0x00, 0x00, 0x00, 0x00, 0x00,
    0x00, 0x00, 0x00, 0x00, 0x00, 0x00, 0x00, 0x00, 0x00, 0x00, 0x00, 0x00, 0x00, 0x00, 0x00, 0x00,
    0x00, 0x00, 0x00, 0x00, 0x00, 0x00, 0x00, 0x00, 0x00, 0x00, 0x00, 0x00, 0x00, 0x00, 0x00, 0x00,
    0x00, 0x00, 0x00, 0x00, 0x00, 0x00, 0x00, 0x00, 0x00, 0x00, 0x00, 0x00, 0x00, 0x00, 0x00, 0x00,
    0x00, 0x00, 0x00, 0x00, 0x00, 0x00, 0x00, 0x00, 0x00, 0x00, 0x00, 0x00, 0x00, 0x00, 0x00, 0x00,
    0x00, 0x00, 0x00, 0x00, 0x00, 0x00, 0x00, 0x00, 0x00, 0x00, 0x00, 0x00, 0x18, 0x00, 0x00, 0x00,
    0x93, 0x1b, 0x98, 0x3b, 0xd0, 0x80, 0xea, 0x3b, 0x89, 0xf8, 0x93, 0x3b, 0xd7, 0x14, 0xae, 0x3b,
    0xc5, 0xca, 0xd5, 0x3b, 0x43, 0x8b, 0xc2, 0x3b, 0x6c, 0x50, 0xbc, 0x3b, 0x0b, 0x26, 0xe0, 0x3b,
    0xc7, 0x02, 0xb5, 0x3b, 0xe5, 0xb0, 0x8e, 0x3b, 0x1d, 0xd7, 0xd8, 0x3b, 0x12, 0x74, 0x91, 0x3b,
    0x7e, 0xf6, 0x23, 0x3c, 0xf8, 0x41, 0x97, 0x3b, 0x8b, 0x91, 0xad, 0x3b, 0x60, 0xb6, 0xcc, 0x3b,
    0x9b, 0xd7, 0x54, 0x3b, 0xf8, 0xd2, 0x81, 0x3b, 0x4c, 0x25, 0xc0, 0x3b, 0x9e, 0x89, 0x97, 0x3b,
    0x8a, 0x0e, 0xb0, 0x3b, 0x68, 0xb3, 0x93, 0x3b, 0xb8, 0xc0, 0xc6, 0x3b, 0x8c, 0x0c, 0xe6, 0x3b,
    0x21, 0x00, 0x00, 0x00, 0x6d, 0x61, 0x72, 0x76, 0x69, 0x6e, 0x5f, 0x73, 0x5f, 0x31, 0x2f, 0x63,
    0x6f, 0x6e, 0x76, 0x32, 0x64, 0x5f, 0x34, 0x5f, 0x31, 0x2f, 0x63, 0x6f, 0x6e, 0x76, 0x6f, 0x6c,
    0x75, 0x74, 0x69, 0x6f, 0x6e, 0x00, 0x00, 0x00, 0x04, 0x00, 0x00, 0x00, 0x18, 0x00, 0x00, 0x00,
    0x01, 0x00, 0x00, 0x00, 0x01, 0x00, 0x00, 0x00, 0x18, 0x00, 0x00, 0x00, 0xea, 0xec, 0xff, 0xff,
    0x00, 0x00, 0x00, 0x01, 0x14, 0x00, 0x00, 0x00, 0x44, 0x01, 0x00, 0x00, 0x0d, 0x00, 0x00, 0x00,
    0x00, 0x00, 0x00, 0x02, 0xdc, 0x01, 0x00, 0x00, 0x34, 0xec, 0xff, 0xff, 0x08, 0x00, 0x00, 0x00,
    0xc8, 0x00, 0x00, 0x00, 0x18, 0x00, 0x00, 0x00, 0x00, 0x00, 0x00, 0x00, 0x00, 0x00, 0x00, 0x00,
    0x00, 0x00, 0x00, 0x00, 0x00, 0x00, 0x00, 0x00, 0x00, 0x00, 0x00, 0x00, 0x00, 0x00, 0x00, 0x00,
    0x00, 0x00, 0x00, 0x00, 0x00, 0x00, 0x00, 0x00, 0x00, 0x00, 0x00, 0x00, 0x00, 0x00, 0x00, 0x00,
    0x00, 0x00, 0x00, 0x00, 0x00, 0x00, 0x00, 0x00, 0x00, 0x00, 0x00, 0x00, 0x00, 0x00, 0x00, 0x00,
    0x00, 0x00, 0x00, 0x00, 0x00, 0x00, 0x00, 0x00, 0x00, 0x00, 0x00, 0x00, 0x00, 0x00, 0x00, 0x00,
    0x00, 0x00, 0x00, 0x00, 0x00, 0x00, 0x00, 0x00, 0x00, 0x00, 0x00, 0x00, 0x00, 0x00, 0x00, 0x00,
    0x00, 0x00, 0x00, 0x00, 0x00, 0x00, 0x00, 0x00, 0x00, 0x00, 0x00, 0x00, 0x00, 0x00, 0x00, 0x00,
    0x00, 0x00, 0x00, 0x00, 0x00, 0x00, 0x00, 0x00, 0x00, 0x00, 0x00, 0x00, 0x00, 0x00, 0x00, 0x00,
    0x00, 0x00, 0x00, 0x00, 0x00, 0x00, 0x00, 0x00, 0x00, 0x00, 0x00, 0x00, 0x00, 0x00, 0x00, 0x00,
    0x00, 0x00, 0x00, 0x00, 0x00, 0x00, 0x00, 0x00, 0x00, 0x00, 0x00, 0x00, 0x00, 0x00, 0x00, 0x00,
    0x00, 0x00, 0x00, 0x00, 0x00, 0x00, 0x00, 0x00, 0x00, 0x00, 0x00, 0x00, 0x00, 0x00, 0x00, 0x00,
    0x00, 0x00, 0x00, 0x00, 0x00, 0x00, 0x00, 0x00, 0x00, 0x00, 0x00, 0x00, 0x00, 0x00, 0x00, 0x00,
    0x00, 0x00, 0x00, 0x00, 0x00, 0x00, 0x00, 0x00, 0x18, 0x00, 0x00, 0x00, 0xfd, 0x17, 0x78, 0x39,
    0xf3, 0x3d, 0xbf, 0x39, 0xa7, 0x58, 0x71, 0x39, 0x82, 0xf7, 0x8d, 0x39, 0x07, 0x5a, 0xae, 0x39,
    0x8c, 0xa7, 0x9e, 0x39, 0xec, 0x92, 0x99, 0x39, 0x31, 0xcc, 0xb6, 0x39, 0x31, 0x9e, 0x93, 0x39,
    0x13, 0xbc, 0x68, 0x39, 0x6a, 0xd6, 0xb0, 0x39, 0x82, 0x3d, 0x6d, 0x39, 0x08, 0xb7, 0x05, 0x3a,
    0x11, 0xb5, 0x76, 0x39, 0x6f, 0x8c, 0x8d, 0x39, 0x70, 0xf2, 0xa6, 0x39, 0xb9, 0x93, 0x2d, 0x39,
    0x8d, 0xbf, 0x53, 0x39, 0xd9, 0xb2, 0x9c, 0x39, 0xed, 0x29, 0x77, 0x39, 0xeb, 0x93, 0x8f, 0x39,
    0xe7, 0xe7, 0x70, 0x39, 0x3c, 0x16, 0xa2, 0x39, 0x0a, 0x9c, 0xbb, 0x39, 0x9f, 0x00, 0x00, 0x00,
    0x6d, 0x61, 0x72, 0x76, 0x69, 0x6e, 0x5f, 0x73, 0x5f, 0x31, 0x2f, 0x72, 0x65, 0x5f, 0x6c, 0x75,
    0x5f, 0x37, 0x5f, 0x31, 0x2f, 0x52, 0x65, 0x6c, 0x75, 0x3b, 0x6d, 0x61, 0x72, 0x76, 0x69, 0x6e,
    0x5f, 0x73, 0x5f, 0x31, 0x2f, 0x62, 0x61, 0x74, 0x63, 0x68, 0x5f, 0x6e, 0x6f, 0x72, 0x6d, 0x61,
    0x6c, 0x69, 0x7a, 0x61, 0x74, 0x69, 0x6f, 0x6e, 0x5f, 0x37, 0x5f, 0x31, 0x2f, 0x62, 0x61, 0x74,
    0x63, 0x68, 0x6e, 0x6f, 0x72, 0x6d, 0x2f, 0x61, 0x64, 0x64, 0x5f, 0x31, 0x3b, 0x6d, 0x61, 0x72,
    0x76, 0x69, 0x6e, 0x5f, 0x73, 0x5f, 0x31, 0x2f, 0x63, 0x6f, 0x6e, 0x76, 0x32, 0x64, 0x5f, 0x34,
    0x5f, 0x31, 0x2f, 0x63, 0x6f, 0x6e, 0x76, 0x6f, 0x6c, 0x75, 0x74, 0x69, 0x6f, 0x6e, 0x3b, 0x6d,
    0x61, 0x72, 0x76, 0x69, 0x6e, 0x5f, 0x73, 0x5f, 0x31, 0x2f, 0x62, 0x61, 0x74, 0x63, 0x68, 0x5f,
    0x6e, 0x6f, 0x72, 0x6d, 0x61, 0x6c, 0x69, 0x7a, 0x61, 0x74, 0x69, 0x6f, 0x6e, 0x5f, 0x37, 0x5f,
    0x31, 0x2f, 0x62, 0x61, 0x74, 0x63, 0x68, 0x6e, 0x6f, 0x72, 0x6d, 0x2f, 0x73, 0x75, 0x62, 0x00,
    0x01, 0x00, 0x00, 0x00, 0x18, 0x00, 0x00, 0x00, 0xe6, 0xee, 0xff, 0xff, 0x00, 0x00, 0x00, 0x01,
    0x14, 0x00, 0x00, 0x00, 0x48, 0x01, 0x00, 0x00, 0x0c, 0x00, 0x00, 0x00, 0x00, 0x00, 0x00, 0x09,
    0xd0, 0x01, 0x00, 0x00, 0xf2, 0xf7, 0xff, 0xff, 0x03, 0x00, 0x00, 0x00, 0x08, 0x00, 0x00, 0x00,
    0xc8, 0x00, 0x00, 0x00, 0x18, 0x00, 0x00, 0x00, 0x00, 0x00, 0x00, 0x00, 0x00, 0x00, 0x00, 0x00,
    0x00, 0x00, 0x00, 0x00, 0x00, 0x00, 0x00, 0x00, 0x00, 0x00, 0x00, 0x00, 0x00, 0x00, 0x00, 0x00,
    0x00, 0x00, 0x00, 0x00, 0x00, 0x00, 0x00, 0x00, 0x00, 0x00, 0x00, 0x00, 0x00, 0x00, 0x00, 0x00,
    0x00, 0x00, 0x00, 0x00, 0x00, 0x00, 0x00, 0x00, 0x00, 0x00, 0x00, 0x00, 0x00, 0x00, 0x00, 0x00,
    0x00, 0x00, 0x00, 0x00, 0x00, 0x00, 0x00, 0x00, 0x00, 0x00, 0x00, 0x00, 0x00, 0x00, 0x00, 0x00,
    0x00, 0x00, 0x00, 0x00, 0x00, 0x00, 0x00, 0x00, 0x00, 0x00, 0x00, 0x00, 0x00, 0x00, 0x00, 0x00,
    0x00, 0x00, 0x00, 0x00, 0x00, 0x00, 0x00, 0x00, 0x00, 0x00, 0x00, 0x00, 0x00, 0x00, 0x00, 0x00,
    0x00, 0x00, 0x00, 0x00, 0x00, 0x00, 0x00, 0x00, 0x00, 0x00, 0x00, 0x00, 0x00, 0x00, 0x00, 0x00,
    0x00, 0x00, 0x00, 0x00, 0x00, 0x00, 0x00, 0x00, 0x00, 0x00, 0x00, 0x00, 0x00, 0x00, 0x00, 0x00,
    0x00, 0x00, 0x00, 0x00, 0x00, 0x00, 0x00, 0x00, 0x00, 0x00, 0x00, 0x00, 0x00, 0x00, 0x00, 0x00,
    0x00, 0x00, 0x00, 0x00, 0x00, 0x00, 0x00, 0x00, 0x00, 0x00, 0x00, 0x00, 0x00, 0x00, 0x00, 0x00,
    0x00, 0x00, 0x00, 0x00, 0x00, 0x00, 0x00, 0x00, 0x00, 0x00, 0x00, 0x00, 0x00, 0x00, 0x00, 0x00,
    0x00, 0x00, 0x00, 0x00, 0x00, 0x00, 0x00, 0x00, 0x18, 0x00, 0x00, 0x00, 0x14, 0x0e, 0xa5, 0x3b,
    0x09, 0x77, 0x40, 0x3c, 0xda, 0x4f, 0xea, 0x3b, 0xce, 0x98, 0x3b, 0x3c, 0xb3, 0x5a, 0xfa, 0x3b,
    0x19, 0xbd, 0x1b, 0x3c, 0xad, 0xd1, 0x3c, 0x3c, 0x68, 0x2e, 0x3f, 0x3c, 0x11, 0x51, 0xf0, 0x3b,
    0x15, 0x93, 0x77, 0x3c, 0x77, 0x57, 0xcb, 0x3b, 0xad, 0xc4, 0xe8, 0x3b, 0x6c, 0x2d, 0xa9, 0x3b,
    0x46, 0xfd, 0xae, 0x3c, 0x80, 0x8a, 0xf8, 0x3b, 0x38, 0x9c, 0xf3, 0x3b, 0x41, 0x4d, 0x4b, 0x3c,
    0x77, 0x32, 0x0d, 0x3c, 0xe6, 0xfd, 0x88, 0x3b, 0x0f, 0x10, 0x1f, 0x3c, 0xa8, 0xaa, 0x0b, 0x3c,
    0xdb, 0xbc, 0xf0, 0x3b, 0xd2, 0x24, 0xef, 0x3b, 0xb2, 0xb4, 0xf9, 0x3b, 0x8d, 0x00, 0x00, 0x00,
    0x6d, 0x61, 0x72, 0x76, 0x69, 0x6e, 0x5f, 0x73, 0x5f, 0x31, 0x2f, 0x62, 0x61, 0x74, 0x63, 0x68,
    0x5f, 0x6e, 0x6f, 0x72, 0x6d, 0x61, 0x6c, 0x69, 0x7a, 0x61, 0x74, 0x69, 0x6f, 0x6e, 0x5f, 0x38,
    0x5f, 0x31, 0x2f, 0x62, 0x61, 0x74, 0x63, 0x68, 0x6e, 0x6f, 0x72, 0x6d, 0x2f, 0x6d, 0x75, 0x6c,
    0x5f, 0x31, 0x3b, 0x6d, 0x61, 0x72, 0x76, 0x69, 0x6e, 0x5f, 0x73, 0x5f, 0x31, 0x2f, 0x64, 0x65,
    0x70, 0x74, 0x68, 0x77, 0x69, 0x73, 0x65, 0x5f, 0x63, 0x6f, 0x6e, 0x76, 0x32, 0x64, 0x5f, 0x33,
    0x5f, 0x31, 0x2f, 0x64, 0x65, 0x70, 0x74, 0x68, 0x77, 0x69, 0x73, 0x65, 0x3b, 0x6d, 0x61, 0x72,
    0x76, 0x69, 0x6e, 0x5f, 0x73, 0x5f, 0x31, 0x2f, 0x62, 0x61, 0x74, 0x63, 0x68, 0x5f, 0x6e, 0x6f,
    0x72, 0x6d, 0x61, 0x6c, 0x69, 0x7a, 0x61, 0x74, 0x69, 0x6f, 0x6e, 0x5f, 0x38, 0x5f, 0x31, 0x2f,
    0x62, 0x61, 0x74, 0x63, 0x68, 0x6e, 0x6f, 0x72, 0x6d, 0x2f, 0x6d, 0x75, 0x6c, 0x00, 0x00, 0x00,
    0x04, 0x00, 0x00, 0x00, 0x01, 0x00, 0x00, 0x00, 0x03, 0x00, 0x00, 0x00, 0x03, 0x00, 0x00, 0x00,
    0x18, 0x00, 0x00, 0x00, 0xe2, 0xf0, 0xff, 0xff, 0x00, 0x00, 0x00, 0x01, 0x14, 0x00, 0x00, 0x00,
    0x44, 0x01, 0x00, 0x00, 0x0b, 0x00, 0x00, 0x00, 0x00, 0x00, 0x00, 0x02, 0x48, 0x02, 0x00, 0x00,
    0x2c, 0xf0, 0xff, 0xff, 0x08, 0x00, 0x00, 0x00, 0xc8, 0x00, 0x00, 0x00, 0x18, 0x00, 0x00, 0x00,
    0x00, 0x00, 0x00, 0x00, 0x00, 0x00, 0x00, 0x00, 0x00, 0x00, 0x00, 0x00, 0x00, 0x00, 0x00, 0x00,
    0x00, 0x00, 0x00, 0x00, 0x00, 0x00, 0x00, 0x00, 0x00, 0x00, 0x00, 0x00, 0x00, 0x00, 0x00, 0x00,
    0x00, 0x00, 0x00, 0x00, 0x00, 0x00, 0x00, 0x00, 0x00, 0x00, 0x00, 0x00, 0x00, 0x00, 0x00, 0x00,
    0x00, 0x00, 0x00, 0x00, 0x00, 0x00, 0x00, 0x00, 0x00, 0x00, 0x00, 0x00, 0x00, 0x00, 0x00, 0x00,
    0x00, 0x00, 0x00, 0x00, 0x00, 0x00, 0x00, 0x00, 0x00, 0x00, 0x00, 0x00, 0x00, 0x00, 0x00, 0x00,
    0x00, 0x00, 0x00, 0x00, 0x00, 0x00, 0x00, 0x00, 0x00, 0x00, 0x00, 0x00, 0x00, 0x00, 0x00, 0x00,
    0x00, 0x00, 0x00, 0x00, 0x00, 0x00, 0x00, 0x00, 0x00, 0x00, 0x00, 0x00, 0x00, 0x00, 0x00, 0x00,
    0x00, 0x00, 0x00, 0x00, 0x00, 0x00, 0x00, 0x00, 0x00, 0x00, 0x00, 0x00, 0x00, 0x00, 0x00, 0x00,
    0x00, 0x00, 0x00, 0x00, 0x00, 0x00, 0x00, 0x00, 0x00, 0x00, 0x00, 0x00, 0x00, 0x00, 0x00, 0x00,
    0x00, 0x00, 0x00, 0x00, 0x00, 0x00, 0x00, 0x00, 0x00, 0x00, 0x00, 0x00, 0x00, 0x00, 0x00, 0x00,
    0x00, 0x00, 0x00, 0x00, 0x00, 0x00, 0x00, 0x00, 0x00, 0x00, 0x00, 0x00, 0x00, 0x00, 0x00, 0x00,
    0x00, 0x00, 0x00, 0x00, 0x00, 0x00, 0x00, 0x00, 0x00, 0x00, 0x00, 0x00, 0x00, 0x00, 0x00, 0x00,
    0x18, 0x00, 0x00, 0x00, 0x66, 0xbe, 0x9e, 0x39, 0x0c, 0x1b, 0x39, 0x3a, 0x3c, 0x5a, 0xe1, 0x39,
    0x78, 0x6c, 0x34, 0x3a, 0x0c, 0xc8, 0xf0, 0x39, 0x9d, 0xc8, 0x15, 0x3a, 0x60, 0x99, 0x35, 0x3a,
    0xfb, 0xde, 0x37, 0x3a, 0xab, 0x20, 0xe7, 0x39, 0xa4, 0x1b, 0x6e, 0x3a, 0x01, 0x91, 0xc3, 0x39,
    0x2b, 0xde, 0xdf, 0x39, 0x63, 0xb5, 0xa2, 0x39, 0x59, 0x4c, 0xa8, 0x3a, 0x99, 0x09, 0xef, 0x39,
    0x95, 0x4b, 0xea, 0x39, 0x2f, 0x87, 0x43, 0x3a, 0x53, 0xcc, 0x07, 0x3a, 0xec, 0xc0, 0x83, 0x39,
    0x09, 0xfb, 0x18, 0x3a, 0x7f, 0x53, 0x06, 0x3a, 0x56, 0x88, 0xe7, 0x39, 0xe7, 0xff, 0xe5, 0x39,
    0x64, 0x28, 0xf0, 0x39, 0x0b, 0x01, 0x00, 0x00, 0x6d, 0x61, 0x72, 0x76, 0x69, 0x6e, 0x5f, 0x73,
    0x5f, 0x31, 0x2f, 0x72, 0x65, 0x5f, 0x6c, 0x75, 0x5f, 0x38, 0x5f, 0x31, 0x2f, 0x52, 0x65, 0x6c,
    0x75, 0x3b, 0x6d, 0x61, 0x72, 0x76, 0x69, 0x6e, 0x5f, 0x73, 0x5f, 0x31, 0x2f, 0x62, 0x61, 0x74,
    0x63, 0x68, 0x5f, 0x6e, 0x6f, 0x72, 0x6d, 0x61, 0x6c, 0x69, 0x7a, 0x61, 0x74, 0x69, 0x6f, 0x6e,
    0x5f, 0x38, 0x5f, 0x31, 0x2f, 0x62, 0x61, 0x74, 0x63, 0x68, 0x6e, 0x6f, 0x72, 0x6d, 0x2f, 0x61,
    0x64, 0x64, 0x5f, 0x31, 0x3b, 0x6d, 0x61, 0x72, 0x76, 0x69, 0x6e, 0x5f, 0x73, 0x5f, 0x31, 0x2f,
    0x62, 0x61, 0x74, 0x63, 0x68, 0x5f, 0x6e, 0x6f, 0x72, 0x6d, 0x61, 0x6c, 0x69, 0x7a, 0x61, 0x74,
    0x69, 0x6f, 0x6e, 0x5f, 0x38, 0x5f, 0x31, 0x2f, 0x62, 0x61, 0x74, 0x63, 0x68, 0x6e, 0x6f, 0x72,
    0x6d, 0x2f, 0x6d, 0x75, 0x6c, 0x5f, 0x31, 0x3b, 0x6d, 0x61, 0x72, 0x76, 0x69, 0x6e, 0x5f, 0x73,
    0x5f, 0x31, 0x2f, 0x64, 0x65, 0x70, 0x74, 0x68, 0x77, 0x69, 0x73, 0x65, 0x5f, 0x63, 0x6f, 0x6e,
    0x76, 0x32, 0x64, 0x5f, 0x33, 0x5f, 0x31, 0x2f, 0x64, 0x65, 0x70, 0x74, 0x68, 0x77, 0x69, 0x73,
    0x65, 0x3b, 0x6d, 0x61, 0x72, 0x76, 0x69, 0x6e, 0x5f, 0x73, 0x5f, 0x31, 0x2f, 0x62, 0x61, 0x74,
    0x63, 0x68, 0x5f, 0x6e, 0x6f, 0x72, 0x6d, 0x61, 0x6c, 0x69, 0x7a, 0x61, 0x74, 0x69, 0x6f, 0x6e,
    0x5f, 0x38, 0x5f, 0x31, 0x2f, 0x62, 0x61, 0x74, 0x63, 0x68, 0x6e, 0x6f, 0x72, 0x6d, 0x2f, 0x6d,
    0x75, 0x6c, 0x3b, 0x6d, 0x61, 0x72, 0x76, 0x69, 0x6e, 0x5f, 0x73, 0x5f, 0x31, 0x2f, 0x62, 0x61,
    0x74, 0x63, 0x68, 0x5f, 0x6e, 0x6f, 0x72, 0x6d, 0x61, 0x6c, 0x69, 0x7a, 0x61, 0x74, 0x69, 0x6f,
    0x6e, 0x5f, 0x38, 0x5f, 0x31, 0x2f, 0x62, 0x61, 0x74, 0x63, 0x68, 0x6e, 0x6f, 0x72, 0x6d, 0x2f,
    0x73, 0x75, 0x62, 0x00, 0x01, 0x00, 0x00, 0x00, 0x18, 0x00, 0x00, 0x00, 0x4a, 0xf3, 0xff, 0xff,
    0x00, 0x00, 0x00, 0x01, 0x14, 0x00, 0x00, 0x00, 0x48, 0x01, 0x00, 0x00, 0x0a, 0x00, 0x00, 0x00,
    0x00, 0x00, 0x00, 0x09, 0x64, 0x01, 0x00, 0x00, 0x94, 0xf2, 0xff, 0xff, 0x08, 0x00, 0x00, 0x00,
    0xcc, 0x00, 0x00, 0x00, 0x18, 0x00, 0x00, 0x00, 0x00, 0x00, 0x00, 0x00, 0x00, 0x00, 0x00, 0x00,
    0x00, 0x00, 0x00, 0x00, 0x00, 0x00, 0x00, 0x00, 0x00, 0x00, 0x00, 0x00, 0x00, 0x00, 0x00, 0x00,
    0x00, 0x00, 0x00, 0x00, 0x00, 0x00, 0x00, 0x00, 0x00, 0x00, 0x00, 0x00, 0x00, 0x00, 0x00, 0x00,
    0x00, 0x00, 0x00, 0x00, 0x00, 0x00, 0x00, 0x00, 0x00, 0x00, 0x00, 0x00, 0x00, 0x00, 0x00, 0x00,
    0x00, 0x00, 0x00, 0x00, 0x00, 0x00, 0x00, 0x00, 0x00, 0x00, 0x00, 0x00, 0x00, 0x00, 0x00, 0x00,
    0x00, 0x00, 0x00, 0x00, 0x00, 0x00, 0x00, 0x00, 0x00, 0x00, 0x00, 0x00, 0x00, 0x00, 0x00, 0x00,
    0x00, 0x00, 0x00, 0x00, 0x00, 0x00, 0x00, 0x00, 0x00, 0x00, 0x00, 0x00, 0x00, 0x00, 0x00, 0x00,
    0x00, 0x00, 0x00, 0x00, 0x00, 0x00, 0x00, 0x00, 0x00, 0x00, 0x00, 0x00, 0x00, 0x00, 0x00, 0x00,
    0x00, 0x00, 0x00, 0x00, 0x00, 0x00, 0x00, 0x00, 0x00, 0x00, 0x00, 0x00, 0x00, 0x00, 0x00, 0x00,
    0x00, 0x00, 0x00, 0x00, 0x00, 0x00, 0x00, 0x00, 0x00, 0x00, 0x00, 0x00, 0x00, 0x00, 0x00, 0x00,
    0x00, 0x00, 0x00, 0x00, 0x00, 0x00, 0x00, 0x00, 0x00, 0x00, 0x00, 0x00, 0x00, 0x00, 0x00, 0x00,
    0x00, 0x00, 0x00, 0x00, 0x00, 0x00, 0x00, 0x00, 0x00, 0x00, 0x00, 0x00, 0x00, 0x00, 0x00, 0x00,
    0x00, 0x00, 0x00, 0x00, 0x00, 0x00, 0x00, 0x00, 0x00, 0x00, 0x00, 0x00, 0x18, 0x00, 0x00, 0x00,
    0xa0, 0x29, 0xfc, 0x3b, 0xf7, 0x0d, 0x9b, 0x3b, 0x81, 0x8a, 0x48, 0x3b, 0x32, 0xc4, 0xc6, 0x3b,
    0x9e, 0xa0, 0xa1, 0x3b, 0x23, 0x06, 0x9d, 0x3b, 0xea, 0x09, 0xa7, 0x3b, 0x9d, 0x96, 0xd8, 0x3b,
    0xc4, 0x80, 0x73, 0x3b, 0xae, 0xb6, 0xdc, 0x3b, 0x0a, 0xbb, 0xe2, 0x3b, 0xe3, 0x4a, 0xb0, 0x3b,
    0xfa, 0x1a, 0x06, 0x3c, 0x36, 0xa6, 0x86, 0x3b, 0xe9, 0x11, 0x51, 0x3b, 0x84, 0xbc, 0x6b, 0x3b,
    0xf4, 0xfa, 0x60, 0x3b, 0xc4, 0x1b, 0x61, 0x3b, 0xc4, 0xf4, 0xa3, 0x3b, 0xdd, 0x4b, 0xa7, 0x3b,
    0x45, 0x1e, 0xb2, 0x3b, 0xd8, 0xcc, 0x98, 0x3b, 0xda, 0x53, 0x95, 0x3b, 0xae, 0xce, 0xa8, 0x3b,
    0x21, 0x00, 0x00, 0x00, 0x6d, 0x61, 0x72, 0x76, 0x69, 0x6e, 0x5f, 0x73, 0x5f, 0x31, 0x2f, 0x63,
    0x6f, 0x6e, 0x76, 0x32, 0x64, 0x5f, 0x35, 0x5f, 0x31, 0x2f, 0x63, 0x6f, 0x6e, 0x76, 0x6f, 0x6c,
    0x75, 0x74, 0x69, 0x6f, 0x6e, 0x00, 0x00, 0x00, 0x04, 0x00, 0x00, 0x00, 0x18, 0x00, 0x00, 0x00,
    0x01, 0x00, 0x00, 0x00, 0x01, 0x00, 0x00, 0x00, 0x18, 0x00, 0x00, 0x00, 0xda, 0xf4, 0xff, 0xff,
    0x00, 0x00, 0x00, 0x01, 0x14, 0x00, 0x00, 0x00, 0x48, 0x01, 0x00, 0x00, 0x09, 0x00, 0x00, 0x00,
    0x00, 0x00, 0x00, 0x02, 0xe0, 0x01, 0x00, 0x00, 0x24, 0xf4, 0xff, 0xff, 0x08, 0x00, 0x00, 0x00,
    0xcc, 0x00, 0x00, 0x00, 0x18, 0x00, 0x00, 0x00, 0x00, 0x00, 0x00, 0x00, 0x00, 0x00, 0x00, 0x00,
    0x00, 0x00, 0x00, 0x00, 0x00, 0x00, 0x00, 0x00, 0x00, 0x00, 0x00, 0x00, 0x00, 0x00, 0x00, 0x00,
    0x00, 0x00, 0x00, 0x00, 0x00, 0x00, 0x00, 0x00, 0x00, 0x00, 0x00, 0x00, 0x00, 0x00, 0x00, 0x00,
    0x00, 0x00, 0x00, 0x00, 0x00, 0x00, 0x00, 0x00, 0x00, 0x00, 0x00, 0x00, 0x00, 0x00, 0x00, 0x00,
    0x00, 0x00, 0x00, 0x00, 0x00, 0x00, 0x00, 0x00, 0x00, 0x00, 0x00, 0x00, 0x00, 0x00, 0x00, 0x00,
    0x00, 0x00, 0x00, 0x00, 0x00, 0x00, 0x00, 0x00, 0x00, 0x00, 0x00, 0x00, 0x00, 0x00, 0x00, 0x00,
    0x00, 0x00, 0x00, 0x00, 0x00, 0x00, 0x00, 0x00, 0x00, 0x00, 0x00, 0x00, 0x00, 0x00, 0x00, 0x00,
    0x00, 0x00, 0x00, 0x00, 0x00, 0x00, 0x00, 0x00, 0x00, 0x00, 0x00, 0x00, 0x00, 0x00, 0x00, 0x00,
    0x00, 0x00, 0x00, 0x00, 0x00, 0x00, 0x00, 0x00, 0x00, 0x00, 0x00, 0x00, 0x00, 0x00, 0x00, 0x00,
    0x00, 0x00, 0x00, 0x00, 0x00, 0x00, 0x00, 0x00, 0x00, 0x00, 0x00, 0x00, 0x00, 0x00, 0x00, 0x00,
    0x00, 0x00, 0x00, 0x00, 0x00, 0x00, 0x00, 0x00, 0x00, 0x00, 0x00, 0x00, 0x00, 0x00, 0x00, 0x00,
    0x00, 0x00, 0x00, 0x00, 0x00, 0x00, 0x00, 0x00, 0x00, 0x00, 0x00, 0x00, 0x00, 0x00, 0x00, 0x00,
    0x00, 0x00, 0x00, 0x00, 0x00, 0x00, 0x00, 0x00, 0x00, 0x00, 0x00, 0x00, 0x18, 0x00, 0x00, 0x00,
    0x05, 0xda, 0x08, 0x3a, 0xc6, 0x4c, 0xa8, 0x39, 0x09, 0xac, 0x59, 0x39, 0xeb, 0xbe, 0xd7, 0x39,
    0x2b, 0x6f, 0xaf, 0x39, 0x04, 0x70, 0xaa, 0x39, 0xcd, 0x4e, 0xb5, 0x39, 0x13, 0x17, 0xeb, 0x39,
    0xe8, 0x26, 0x84, 0x39, 0x5b, 0x91, 0xef, 0x39, 0x4c, 0x19, 0xf6, 0x39, 0x24, 0x5a, 0xbf, 0x39,
    0xa9, 0x8f, 0x11, 0x3a, 0xca, 0x26, 0x92, 0x39, 0xf5, 0xed, 0x62, 0x39, 0xb7, 0xdf, 0x7f, 0x39,
    0xef, 0x32, 0x74, 0x39, 0x8d, 0x56, 0x74, 0x39, 0x3d, 0xf6, 0xb1, 0x39, 0x62, 0x96, 0xb5, 0x39,
    0x73, 0x55, 0xc1, 0x39, 0x5b, 0xda, 0xa5, 0x39, 0x6c, 0x15, 0xa2, 0x39, 0x3e, 0x3a, 0xb7, 0x39,
    0x9f, 0x00, 0x00, 0x00, 0x6d, 0x61, 0x72, 0x76, 0x69, 0x6e, 0x5f, 0x73, 0x5f, 0x31, 0x2f, 0x72,
    0x65, 0x5f, 0x6c, 0x75, 0x5f, 0x39, 0x5f, 0x31, 0x2f, 0x52, 0x65, 0x6c, 0x75, 0x3b, 0x6d, 0x61,
    0x72, 0x76, 0x69, 0x6e, 0x5f, 0x73, 0x5f, 0x31, 0x2f, 0x62, 0x61, 0x74, 0x63, 0x68, 0x5f, 0x6e,
    0x6f, 0x72, 0x6d, 0x61, 0x6c, 0x69, 0x7a, 0x61, 0x74, 0x69, 0x6f, 0x6e, 0x5f, 0x39, 0x5f, 0x31,
    0x2f, 0x62, 0x61, 0x74, 0x63, 0x68, 0x6e, 0x6f, 0x72, 0x6d, 0x2f, 0x61, 0x64, 0x64, 0x5f, 0x31,
    0x3b, 0x6d, 0x61, 0x72, 0x76, 0x69, 0x6e, 0x5f, 0x73, 0x5f, 0x31, 0x2f, 0x63, 0x6f, 0x6e, 0x76,
    0x32, 0x64, 0x5f, 0x35, 0x5f, 0x31, 0x2f, 0x63, 0x6f, 0x6e, 0x76, 0x6f, 0x6c, 0x75, 0x74, 0x69,
    0x6f, 0x6e, 0x3b, 0x6d, 0x61, 0x72, 0x76, 0x69, 0x6e, 0x5f, 0x73, 0x5f, 0x31, 0x2f, 0x62, 0x61,
    0x74, 0x63, 0x68, 0x5f, 0x6e, 0x6f, 0x72, 0x6d, 0x61, 0x6c, 0x69, 0x7a, 0x61, 0x74, 0x69, 0x6f,
    0x6e, 0x5f, 0x39, 0x5f, 0x31, 0x2f, 0x62, 0x61, 0x74, 0x63, 0x68, 0x6e, 0x6f, 0x72, 0x6d, 0x2f,
    0x73, 0x75, 0x62, 0x00, 0x01, 0x00, 0x00, 0x00, 0x18, 0x00, 0x00, 0x00, 0x00, 0x00, 0x16, 0x00,
    0x1e, 0x00, 0x18, 0x00, 0x17, 0x00, 0x10, 0x00, 0x0c, 0x00, 0x08, 0x00, 0x00, 0x00, 0x00, 0x00,
    0x00, 0x00, 0x07, 0x00, 0x16, 0x00, 0x00, 0x00, 0x00, 0x00, 0x00, 0x01, 0x28, 0x00, 0x00, 0x00,
    0x5c, 0x01, 0x00, 0x00, 0x08, 0x00, 0x00, 0x00, 0x00, 0x00, 0x00, 0x09, 0xe4, 0x01, 0x00, 0x00,
    0x00, 0x00, 0x12, 0x00, 0x10, 0x00, 0x00, 0x00, 0x00, 0x00, 0x0c, 0x00, 0x08, 0x00, 0x00, 0x00,
    0x00, 0x00, 0x04, 0x00, 0x12, 0x00, 0x00, 0x00, 0x03, 0x00, 0x00, 0x00, 0x08, 0x00, 0x00, 0x00,
    0xc8, 0x00, 0x00, 0x00, 0x18, 0x00, 0x00, 0x00, 0x00, 0x00, 0x00, 0x00, 0x00, 0x00, 0x00, 0x00,
    0x00, 0x00, 0x00, 0x00, 0x00, 0x00, 0x00, 0x00, 0x00, 0x00, 0x00, 0x00, 0x00, 0x00, 0x00, 0x00,
    0x00, 0x00, 0x00, 0x00, 0x00, 0x00, 0x00, 0x00, 0x00, 0x00, 0x00, 0x00, 0x00, 0x00, 0x00, 0x00,
    0x00, 0x00, 0x00, 0x00, 0x00, 0x00, 0x00, 0x00, 0x00, 0x00, 0x00, 0x00, 0x00, 0x00, 0x00, 0x00,
    0x00, 0x00, 0x00, 0x00, 0x00, 0x00, 0x00, 0x00, 0x00, 0x00, 0x00, 0x00, 0x00, 0x00, 0x00, 0x00,
    0x00, 0x00, 0x00, 0x00, 0x00, 0x00, 0x00, 0x00, 0x00, 0x00, 0x00, 0x00, 0x00, 0x00, 0x00, 0x00,
    0x00, 0x00, 0x00, 0x00, 0x00, 0x00, 0x00, 0x00, 0x00, 0x00, 0x00, 0x00, 0x00, 0x00, 0x00, 0x00,
    0x00, 0x00, 0x00, 0x00, 0x00, 0x00, 0x00, 0x00, 0x00, 0x00, 0x00, 0x00, 0x00, 0x00, 0x00, 0x00,
    0x00, 0x00, 0x00, 0x00, 0x00, 0x00, 0x00, 0x00, 0x00, 0x00, 0x00, 0x00, 0x00, 0x00, 0x00, 0x00,
    0x00, 0x00, 0x00, 0x00, 0x00, 0x00, 0x00, 0x00, 0x00, 0x00, 0x00, 0x00, 0x00, 0x00, 0x00, 0x00,
    0x00, 0x00, 0x00, 0x00, 0x00, 0x00, 0x00, 0x00, 0x00, 0x00, 0x00, 0x00, 0x00, 0x00, 0x00, 0x00,
    0x00, 0x00, 0x00, 0x00, 0x00, 0x00, 0x00, 0x00, 0x00, 0x00, 0x00, 0x00, 0x00, 0x00, 0x00, 0x00,
    0x00, 0x00, 0x00, 0x00, 0x00, 0x00, 0x00, 0x00, 0x18, 0x00, 0x00, 0x00, 0x76, 0xdf, 0x96, 0x3b,
    0x2a, 0x21, 0xd2, 0x3b, 0x7f, 0x3e, 0x96, 0x3c, 0xa9, 0x34, 0xf6, 0x3b, 0x34, 0xfd, 0x51, 0x3b,
    0x79, 0x42, 0xa8, 0x3b, 0x9c, 0x31, 0xec, 0x3b, 0xd1, 0x99, 0x5b, 0x3b, 0x45, 0xf6, 0x06, 0x3c,
    0xf4, 0x42, 0x21, 0x3b, 0x63, 0x38, 0x67, 0x3b, 0x64, 0x1d, 0x71, 0x3b, 0xe9, 0xaf, 0x7a, 0x3b,
    0xb3, 0x82, 0x80, 0x3c, 0x84, 0x0f, 0x44, 0x3c, 0xe4, 0x93, 0xcd, 0x3b, 0x5e, 0xc2, 0xca, 0x3b,
    0xba, 0x9e, 0x8b, 0x3d, 0xd4, 0xc9, 0x6c, 0x3b, 0x37, 0xc6, 0xc6, 0x3b, 0x91, 0x5a, 0x71, 0x3b,
    0xb4, 0x6f, 0xa2, 0x3b, 0xfc, 0x4c, 0xf1, 0x3b, 0xa7, 0xb6, 0x8e, 0x3b, 0x8f, 0x00, 0x00, 0x00,
    0x6d, 0x61, 0x72, 0x76, 0x69, 0x6e, 0x5f, 0x73, 0x5f, 0x31, 0x2f, 0x62, 0x61, 0x74, 0x63, 0x68,
    0x5f, 0x6e, 0x6f, 0x72, 0x6d, 0x61, 0x6c, 0x69, 0x7a, 0x61, 0x74, 0x69, 0x6f, 0x6e, 0x5f, 0x31,
    0x30, 0x5f, 0x31, 0x2f, 0x62, 0x61, 0x74, 0x63, 0x68, 0x6e, 0x6f, 0x72, 0x6d, 0x2f, 0x6d, 0x75,
    0x6c, 0x5f, 0x31, 0x3b, 0x6d, 0x61, 0x72, 0x76, 0x69, 0x6e, 0x5f, 0x73, 0x5f, 0x31, 0x2f, 0x64,
    0x65, 0x70, 0x74, 0x68, 0x77, 0x69, 0x73, 0x65, 0x5f, 0x63, 0x6f, 0x6e, 0x76, 0x32, 0x64, 0x5f,
    0x34, 0x5f, 0x31, 0x2f, 0x64, 0x65, 0x70, 0x74, 0x68, 0x77, 0x69, 0x73, 0x65, 0x3b, 0x6d, 0x61,
    0x72, 0x76, 0x69, 0x6e, 0x5f, 0x73, 0x5f, 0x31, 0x2f, 0x62, 0x61, 0x74, 0x63, 0x68, 0x5f, 0x6e,
    0x6f, 0x72, 0x6d, 0x61, 0x6c, 0x69, 0x7a, 0x61, 0x74, 0x69, 0x6f, 0x6e, 0x5f, 0x31, 0x30, 0x5f,
    0x31, 0x2f, 0x62, 0x61, 0x74, 0x63, 0x68, 0x6e, 0x6f, 0x72, 0x6d, 0x2f, 0x6d, 0x75, 0x6c, 0x00,
    0x04, 0x00, 0x00, 0x00, 0x01, 0x00, 0x00, 0x00, 0x03, 0x00, 0x00, 0x00, 0x03, 0x00, 0x00, 0x00,
    0x18, 0x00, 0x00, 0x00, 0x02, 0xf9, 0xff, 0xff, 0x00, 0x00, 0x00, 0x01, 0x14, 0x00, 0x00, 0x00,
    0x44, 0x01, 0x00, 0x00, 0x07, 0x00, 0x00, 0x00, 0x00, 0x00, 0x00, 0x02, 0x50, 0x02, 0x00, 0x00,
    0x4c, 0xf8, 0xff, 0xff, 0x08, 0x00, 0x00, 0x00, 0xc8, 0x00, 0x00, 0x00, 0x18, 0x00, 0x00, 0x00,
    0x00, 0x00, 0x00, 0x00, 0x00, 0x00, 0x00, 0x00, 0x00, 0x00, 0x00, 0x00, 0x00, 0x00, 0x00, 0x00,
    0x00, 0x00, 0x00, 0x00, 0x00, 0x00, 0x00, 0x00, 0x00, 0x00, 0x00, 0x00, 0x00, 0x00, 0x00, 0x00,
    0x00, 0x00, 0x00, 0x00, 0x00, 0x00, 0x00, 0x00, 0x00, 0x00, 0x00, 0x00, 0x00, 0x00, 0x00, 0x00,
    0x00, 0x00, 0x00, 0x00, 0x00, 0x00, 0x00, 0x00, 0x00, 0x00, 0x00, 0x00, 0x00, 0x00, 0x00, 0x00,
    0x00, 0x00, 0x00, 0x00, 0x00, 0x00, 0x00, 0x00, 0x00, 0x00, 0x00, 0x00, 0x00, 0x00, 0x00, 0x00,
    0x00, 0x00, 0x00, 0x00, 0x00, 0x00, 0x00, 0x00, 0x00, 0x00, 0x00, 0x00, 0x00, 0x00, 0x00, 0x00,
    0x00, 0x00, 0x00, 0x00, 0x00, 0x00, 0x00, 0x00, 0x00, 0x00, 0x00, 0x00, 0x00, 0x00, 0x00, 0x00,
    0x00, 0x00, 0x00, 0x00, 0x00, 0x00, 0x00, 0x00, 0x00, 0x00, 0x00, 0x00, 0x00, 0x00, 0x00, 0x00,
    0x00, 0x00, 0x00, 0x00, 0x00, 0x00, 0x00, 0x00, 0x00, 0x00, 0x00, 0x00, 0x00, 0x00, 0x00, 0x00,
    0x00, 0x00, 0x00, 0x00, 0x00, 0x00, 0x00, 0x00, 0x00, 0x00, 0x00, 0x00, 0x00, 0x00, 0x00, 0x00,
    0x00, 0x00, 0x00, 0x00, 0x00, 0x00, 0x00, 0x00, 0x00, 0x00, 0x00, 0x00, 0x00, 0x00, 0x00, 0x00,
    0x00, 0x00, 0x00, 0x00, 0x00, 0x00, 0x00, 0x00, 0x00, 0x00, 0x00, 0x00, 0x00, 0x00, 0x00, 0x00,
    0x18, 0x00, 0x00, 0x00, 0xba, 0xc2, 0x89, 0x39, 0x0b, 0xde, 0xbf, 0x39, 0xc1, 0x2f, 0x89, 0x3a,
    0xe4, 0xce, 0xe0, 0x39, 0x35, 0xbd, 0x3f, 0x39, 0xe8, 0xa2, 0x99, 0x39, 0x98, 0xaa, 0xd7, 0x39,
    0xf9, 0x83, 0x48, 0x39, 0x11, 0x77, 0xf6, 0x39, 0x16, 0x3f, 0x13, 0x39, 0x06, 0x20, 0x53, 0x39,
    0xe3, 0x28, 0x5c, 0x39, 0x6f, 0xe6, 0x64, 0x39, 0x00, 0xaf, 0x6a, 0x3a, 0x6a, 0x05, 0x33, 0x3a,
    0x0b, 0xb6, 0xbb, 0x39, 0x3a, 0x23, 0xb9, 0x39, 0xb6, 0xf8, 0x7e, 0x3b, 0x95, 0x35, 0x58, 0x39,
    0xbc, 0x7f, 0xb5, 0x39, 0xbf, 0x60, 0x5c, 0x39, 0xb3, 0x51, 0x94, 0x39, 0x58, 0x54, 0xdc, 0x39,
    0x75, 0x4f, 0x82, 0x39, 0x10, 0x01, 0x00, 0x00, 0x6d, 0x61, 0x72, 0x76, 0x69, 0x6e, 0x5f, 0x73,
    0x5f, 0x31, 0x2f, 0x72, 0x65, 0x5f, 0x6c, 0x75, 0x5f, 0x31, 0x30, 0x5f, 0x31, 0x2f, 0x52, 0x65,
    0x6c, 0x75, 0x3b, 0x6d, 0x61, 0x72, 0x76, 0x69, 0x6e, 0x5f, 0x73, 0x5f, 0x31, 0x2f, 0x62, 0x61,
    0x74, 0x63, 0x68, 0x5f, 0x6e, 0x6f, 0x72, 0x6d, 0x61, 0x6c, 0x69, 0x7a, 0x61, 0x74, 0x69, 0x6f,
    0x6e, 0x5f, 0x31, 0x30, 0x5f, 0x31, 0x2f, 0x62, 0x61, 0x74, 0x63, 0x68, 0x6e, 0x6f, 0x72, 0x6d,
    0x2f, 0x61, 0x64, 0x64, 0x5f, 0x31, 0x3b, 0x6d, 0x61, 0x72, 0x76, 0x69, 0x6e, 0x5f, 0x73, 0x5f,
    0x31, 0x2f, 0x62, 0x61, 0x74, 0x63, 0x68, 0x5f, 0x6e, 0x6f, 0x72, 0x6d, 0x61, 0x6c, 0x69, 0x7a,
    0x61, 0x74, 0x69, 0x6f, 0x6e, 0x5f, 0x31, 0x30, 0x5f, 0x31, 0x2f, 0x62, 0x61, 0x74, 0x63, 0x68,
    0x6e, 0x6f, 0x72, 0x6d, 0x2f, 0x6d, 0x75, 0x6c, 0x5f, 0x31, 0x3b, 0x6d, 0x61, 0x72, 0x76, 0x69,
    0x6e, 0x5f, 0x73, 0x5f, 0x31, 0x2f, 0x64, 0x65, 0x70, 0x74, 0x68, 0x77, 0x69, 0x73, 0x65, 0x5f,
    0x63, 0x6f, 0x6e, 0x76, 0x32, 0x64, 0x5f, 0x34, 0x5f, 0x31, 0x2f, 0x64, 0x65, 0x70, 0x74, 0x68,
    0x77, 0x69, 0x73, 0x65, 0x3b, 0x6d, 0x61, 0x72, 0x76, 0x69, 0x6e, 0x5f, 0x73, 0x5f, 0x31, 0x2f,
    0x62, 0x61, 0x74, 0x63, 0x68, 0x5f, 0x6e, 0x6f, 0x72, 0x6d, 0x61, 0x6c, 0x69, 0x7a, 0x61, 0x74,
    0x69, 0x6f, 0x6e, 0x5f, 0x31, 0x30, 0x5f, 0x31, 0x2f, 0x62, 0x61, 0x74, 0x63, 0x68, 0x6e, 0x6f,
    0x72, 0x6d, 0x2f, 0x6d, 0x75, 0x6c, 0x3b, 0x6d, 0x61, 0x72, 0x76, 0x69, 0x6e, 0x5f, 0x73, 0x5f,
    0x31, 0x2f, 0x62, 0x61, 0x74, 0x63, 0x68, 0x5f, 0x6e, 0x6f, 0x72, 0x6d, 0x61, 0x6c, 0x69, 0x7a,
    0x61, 0x74, 0x69, 0x6f, 0x6e, 0x5f, 0x31, 0x30, 0x5f, 0x31, 0x2f, 0x62, 0x61, 0x74, 0x63, 0x68,
    0x6e, 0x6f, 0x72, 0x6d, 0x2f, 0x73, 0x75, 0x62, 0x00, 0x00, 0x00, 0x00, 0x01, 0x00, 0x00, 0x00,
    0x18, 0x00, 0x00, 0x00, 0x72, 0xfb, 0xff, 0xff, 0x00, 0x00, 0x00, 0x01, 0x14, 0x00, 0x00, 0x00,
    0x48, 0x01, 0x00, 0x00, 0x06, 0x00, 0x00, 0x00, 0x00, 0x00, 0x00, 0x09, 0x64, 0x01, 0x00, 0x00,
    0xbc, 0xfa, 0xff, 0xff, 0x08, 0x00, 0x00, 0x00, 0xcc, 0x00, 0x00, 0x00, 0x18, 0x00, 0x00, 0x00,
    0x00, 0x00, 0x00, 0x00, 0x00, 0x00, 0x00, 0x00, 0x00, 0x00, 0x00, 0x00, 0x00, 0x00, 0x00, 0x00,
    0x00, 0x00, 0x00, 0x00, 0x00, 0x00, 0x00, 0x00, 0x00, 0x00, 0x00, 0x00, 0x00, 0x00, 0x00, 0x00,
    0x00, 0x00, 0x00, 0x00, 0x00, 0x00, 0x00, 0x00, 0x00, 0x00, 0x00, 0x00, 0x00, 0x00, 0x00, 0x00,
    0x00, 0x00, 0x00, 0x00, 0x00, 0x00, 0x00, 0x00, 0x00, 0x00, 0x00, 0x00, 0x00, 0x00, 0x00, 0x00,
    0x00, 0x00, 0x00, 0x00, 0x00, 0x00, 0x00, 0x00, 0x00, 0x00, 0x00, 0x00, 0x00, 0x00, 0x00, 0x00,
    0x00, 0x00, 0x00, 0x00, 0x00, 0x00, 0x00, 0x00, 0x00, 0x00, 0x00, 0x00, 0x00, 0x00, 0x00, 0x00,
    0x00, 0x00, 0x00, 0x00, 0x00, 0x00, 0x00, 0x00, 0x00, 0x00, 0x00, 0x00, 0x00, 0x00, 0x00, 0x00,
    0x00, 0x00, 0x00, 0x00, 0x00, 0x00, 0x00, 0x00, 0x00, 0x00, 0x00, 0x00, 0x00, 0x00, 0x00, 0x00,
    0x00, 0x00, 0x00, 0x00, 0x00, 0x00, 0x00, 0x00, 0x00, 0x00, 0x00, 0x00, 0x00, 0x00, 0x00, 0x00,
    0x00, 0x00, 0x00, 0x00, 0x00, 0x00, 0x00, 0x00, 0x00, 0x00, 0x00, 0x00, 0x00, 0x00, 0x00, 0x00,
    0x00, 0x00, 0x00, 0x00, 0x00, 0x00, 0x00, 0x00, 0x00, 0x00, 0x00, 0x00, 0x00, 0x00, 0x00, 0x00,
    0x00, 0x00, 0x00, 0x00, 0x00, 0x00, 0x00, 0x00, 0x00, 0x00, 0x00, 0x00, 0x00, 0x00, 0x00, 0x00,
    0x00, 0x00, 0x00, 0x00, 0x18, 0x00, 0x00, 0x00, 0xde, 0x40, 0xbf, 0x3c, 0xb9, 0x75, 0x4f, 0x3c,
    0x9d, 0x1f, 0xbb, 0x3c, 0xb4, 0x86, 0x8e, 0x3c, 0xbc, 0x5c, 0x91, 0x3c, 0x19, 0xfe, 0x33, 0x3c,
    0x3b, 0xe4, 0xda, 0x3c, 0x45, 0xb8, 0x82, 0x3c, 0xfc, 0xf7, 0x8a, 0x3c, 0x0c, 0x0a, 0x33, 0x3c,
    0x7f, 0x5c, 0xca, 0x3c, 0x8a, 0xf7, 0xa8, 0x3c, 0xda, 0x5a, 0x2b, 0x3c, 0x97, 0x23, 0x5b, 0x3c,
    0x85, 0xd3, 0x46, 0x3c, 0x7b, 0x1c, 0x41, 0x3c, 0x60, 0xba, 0x27, 0x3c, 0xd4, 0x82, 0x99, 0x3c,
    0xb1, 0x6b, 0x34, 0x3c, 0x30, 0x7c, 0x78, 0x3c, 0x4e, 0x66, 0x3e, 0x3c, 0xf4, 0x0e, 0x43, 0x3c,
    0x06, 0x17, 0xda, 0x3c, 0x43, 0x1d, 0xb8, 0x3c, 0x21, 0x00, 0x00, 0x00, 0x6d, 0x61, 0x72, 0x76,
    0x69, 0x6e, 0x5f, 0x73, 0x5f, 0x31, 0x2f, 0x63, 0x6f, 0x6e, 0x76, 0x32, 0x64, 0x5f, 0x36, 0x5f,
    0x31, 0x2f, 0x63, 0x6f, 0x6e, 0x76, 0x6f, 0x6c, 0x75, 0x74, 0x69, 0x6f, 0x6e, 0x00, 0x00, 0x00,
    0x04, 0x00, 0x00, 0x00, 0x18, 0x00, 0x00, 0x00, 0x01, 0x00, 0x00, 0x00, 0x01, 0x00, 0x00, 0x00,
    0x18, 0x00, 0x00, 0x00, 0x02, 0xfd, 0xff, 0xff, 0x00, 0x00, 0x00, 0x01, 0x14, 0x00, 0x00, 0x00,
    0x44, 0x01, 0x00, 0x00, 0x05, 0x00, 0x00, 0x00, 0x00, 0x00, 0x00, 0x02, 0xe0, 0x01, 0x00, 0x00,
    0x4c, 0xfc, 0xff, 0xff, 0x08, 0x00, 0x00, 0x00, 0xc8, 0x00, 0x00, 0x00, 0x18, 0x00, 0x00, 0x00,
    0x00, 0x00, 0x00, 0x00, 0x00, 0x00, 0x00, 0x00, 0x00, 0x00, 0x00, 0x00, 0x00, 0x00, 0x00, 0x00,
    0x00, 0x00, 0x00, 0x00, 0x00, 0x00, 0x00, 0x00, 0x00, 0x00, 0x00, 0x00, 0x00, 0x00, 0x00, 0x00,
    0x00, 0x00, 0x00, 0x00, 0x00, 0x00, 0x00, 0x00, 0x00, 0x00, 0x00, 0x00, 0x00, 0x00, 0x00, 0x00,
    0x00, 0x00, 0x00, 0x00, 0x00, 0x00, 0x00, 0x00, 0x00, 0x00, 0x00, 0x00, 0x00, 0x00, 0x00, 0x00,
    0x00, 0x00, 0x00, 0x00, 0x00, 0x00, 0x00, 0x00, 0x00, 0x00, 0x00, 0x00, 0x00, 0x00, 0x00, 0x00,
    0x00, 0x00, 0x00, 0x00, 0x00, 0x00, 0x00, 0x00, 0x00, 0x00, 0x00, 0x00, 0x00, 0x00, 0x00, 0x00,
    0x00, 0x00, 0x00, 0x00, 0x00, 0x00, 0x00, 0x00, 0x00, 0x00, 0x00, 0x00, 0x00, 0x00, 0x00, 0x00,
    0x00, 0x00, 0x00, 0x00, 0x00, 0x00, 0x00, 0x00, 0x00, 0x00, 0x00, 0x00, 0x00, 0x00, 0x00, 0x00,
    0x00, 0x00, 0x00, 0x00, 0x00, 0x00, 0x00, 0x00, 0x00, 0x00, 0x00, 0x00, 0x00, 0x00, 0x00, 0x00,
    0x00, 0x00, 0x00, 0x00, 0x00, 0x00, 0x00, 0x00, 0x00, 0x00, 0x00, 0x00, 0x00, 0x00, 0x00, 0x00,
    0x00, 0x00, 0x00, 0x00, 0x00, 0x00, 0x00, 0x00, 0x00, 0x00, 0x00, 0x00, 0x00, 0x00, 0x00, 0x00,
    0x00, 0x00, 0x00, 0x00, 0x00, 0x00, 0x00, 0x00, 0x00, 0x00, 0x00, 0x00, 0x00, 0x00, 0x00, 0x00,
    0x18, 0x00, 0x00, 0x00, 0x40, 0x98, 0x31, 0x3b, 0xcf, 0xa4, 0xc0, 0x3a, 0x81, 0xc2, 0x2d, 0x3b,
    0xf3, 0x58, 0x04, 0x3b, 0x21, 0xfb, 0x06, 0x3b, 0x5c, 0x23, 0xa7, 0x3a, 0x51, 0x42, 0x4b, 0x3b,
    0xbc, 0xc4, 0xf2, 0x3a, 0x45, 0x0b, 0x01, 0x3b, 0xbd, 0x40, 0xa6, 0x3a, 0xcc, 0xe8, 0x3b, 0x3b,
    0x61, 0xe6, 0x1c, 0x3b, 0x08, 0x1e, 0x9f, 0x3a, 0x26, 0x7d, 0xcb, 0x3a, 0x73, 0xa0, 0xb8, 0x3a,
    0xe6, 0x51, 0xb3, 0x3a, 0xdd, 0xbf, 0x9b, 0x3a, 0x3e, 0x8c, 0x0e, 0x3b, 0x20, 0x89, 0xa7, 0x3a,
    0x39, 0xbd, 0xe6, 0x3a, 0x4c, 0xcd, 0xb0, 0x3a, 0xc5, 0x20, 0xb5, 0x3a, 0xc4, 0x83, 0x4a, 0x3b,
    0x2b, 0xf7, 0x2a, 0x3b, 0xa2, 0x00, 0x00, 0x00, 0x6d, 0x61, 0x72, 0x76, 0x69, 0x6e, 0x5f, 0x73,
    0x5f, 0x31, 0x2f, 0x72, 0x65, 0x5f, 0x6c, 0x75, 0x5f, 0x31, 0x31, 0x5f, 0x31, 0x2f, 0x52, 0x65,
    0x6c, 0x75, 0x3b, 0x6d, 0x61, 0x72, 0x76, 0x69, 0x6e, 0x5f, 0x73, 0x5f, 0x31, 0x2f, 0x62, 0x61,
    0x74, 0x63, 0x68, 0x5f, 0x6e, 0x6f, 0x72, 0x6d, 0x61, 0x6c, 0x69, 0x7a, 0x61, 0x74, 0x69, 0x6f,
    0x6e, 0x5f, 0x31, 0x31, 0x5f, 0x31, 0x2f, 0x62, 0x61, 0x74, 0x63, 0x68, 0x6e, 0x6f, 0x72, 0x6d,
    0x2f, 0x61, 0x64, 0x64, 0x5f, 0x31, 0x3b, 0x6d, 0x61, 0x72, 0x76, 0x69, 0x6e, 0x5f, 0x73, 0x5f,
    0x31, 0x2f, 0x63, 0x6f, 0x6e, 0x76, 0x32, 0x64, 0x5f, 0x36, 0x5f, 0x31, 0x2f, 0x63, 0x6f, 0x6e,
    0x76, 0x6f, 0x6c, 0x75, 0x74, 0x69, 0x6f, 0x6e, 0x3b, 0x6d, 0x61, 0x72, 0x76, 0x69, 0x6e, 0x5f,
    0x73, 0x5f, 0x31, 0x2f, 0x62, 0x61, 0x74, 0x63, 0x68, 0x5f, 0x6e, 0x6f, 0x72, 0x6d, 0x61, 0x6c,
    0x69, 0x7a, 0x61, 0x74, 0x69, 0x6f, 0x6e, 0x5f, 0x31, 0x31, 0x5f, 0x31, 0x2f, 0x62, 0x61, 0x74,
    0x63, 0x68, 0x6e, 0x6f, 0x72, 0x6d, 0x2f, 0x73, 0x75, 0x62, 0x00, 0x00, 0x01, 0x00, 0x00, 0x00,
    0x18, 0x00, 0x00, 0x00, 0x02, 0xff, 0xff, 0xff, 0x00, 0x00, 0x00, 0x01, 0x14, 0x00, 0x00, 0x00,
    0x48, 0x00, 0x00, 0x00, 0x04, 0x00, 0x00, 0x00, 0x00, 0x00, 0x00, 0x09, 0x5c, 0x00, 0x00, 0x00,
    0x4c, 0xfe, 0xff, 0xff, 0x08, 0x00, 0x00, 0x00, 0x20, 0x00, 0x00, 0x00, 0x03, 0x00, 0x00, 0x00,
    0x00, 0x00, 0x00, 0x00, 0x00, 0x00, 0x00, 0x00, 0x00, 0x00, 0x00, 0x00, 0x00, 0x00, 0x00, 0x00,
    0x00, 0x00, 0x00, 0x00, 0x00, 0x00, 0x00, 0x00, 0x03, 0x00, 0x00, 0x00, 0x47, 0x49, 0x80, 0x3c,
    0xb5, 0x10, 0x03, 0x3c, 0x52, 0x90, 0x26, 0x3c, 0x1a, 0x00, 0x00, 0x00, 0x6d, 0x61, 0x72, 0x76,
    0x69, 0x6e, 0x5f, 0x73, 0x5f, 0x31, 0x2f, 0x6c, 0x6f, 0x67, 0x69, 0x74, 0x73, 0x5f, 0x31, 0x2f,
    0x4d, 0x61, 0x74, 0x4d, 0x75, 0x6c, 0x00, 0x00, 0x02, 0x00, 0x00, 0x00, 0x03, 0x00, 0x00, 0x00,
    0x18, 0x00, 0x00, 0x00, 0x82, 0xff, 0xff, 0xff, 0x00, 0x00, 0x00, 0x01, 0x14, 0x00, 0x00, 0x00,
    0x48, 0x00, 0x00, 0x00, 0x03, 0x00, 0x00, 0x00, 0x00, 0x00, 0x00, 0x02, 0x5c, 0x00, 0x00, 0x00,
    0xcc, 0xfe, 0xff, 0xff, 0x08, 0x00, 0x00, 0x00, 0x20, 0x00, 0x00, 0x00, 0x03, 0x00, 0x00, 0x00,
    0x00, 0x00, 0x00, 0x00, 0x00, 0x00, 0x00, 0x00, 0x00, 0x00, 0x00, 0x00, 0x00, 0x00, 0x00, 0x00,
    0x00, 0x00, 0x00, 0x00, 0x00, 0x00, 0x00, 0x00, 0x03, 0x00, 0x00, 0x00, 0xe5, 0xb1, 0x40, 0x39,
    0x83, 0xde, 0xc4, 0x38, 0xbe, 0x30, 0xfa, 0x38, 0x1b, 0x00, 0x00, 0x00, 0x6d, 0x61, 0x72, 0x76,
    0x69, 0x6e, 0x5f, 0x73, 0x5f, 0x31, 0x2f, 0x6c, 0x6f, 0x67, 0x69, 0x74, 0x73, 0x5f, 0x31, 0x2f,
    0x42, 0x69, 0x61, 0x73, 0x41, 0x64, 0x64, 0x00, 0x01, 0x00, 0x00, 0x00, 0x03, 0x00, 0x00, 0x00,
    0x00, 0x00, 0x16, 0x00, 0x1c, 0x00, 0x18, 0x00, 0x17, 0x00, 0x10, 0x00, 0x0c, 0x00, 0x08, 0x00,
    0x00, 0x00, 0x00, 0x00, 0x00, 0x00, 0x07, 0x00, 0x16, 0x00, 0x00, 0x00, 0x00, 0x00, 0x00, 0x01,
    0x18, 0x00, 0x00, 0x00, 0x18, 0x00, 0x00, 0x00, 0x02, 0x00, 0x00, 0x00, 0x00, 0x00, 0x00, 0x02,
    0x50, 0x00, 0x00, 0x00, 0x04, 0x00, 0x04, 0x00, 0x04, 0x00, 0x00, 0x00, 0x3e, 0x00, 0x00, 0x00,
    0x6d, 0x61, 0x72, 0x76, 0x69, 0x6e, 0x5f, 0x73, 0x5f, 0x31, 0x2f, 0x67, 0x6c, 0x6f, 0x62, 0x61,
    0x6c, 0x5f, 0x61, 0x76, 0x65, 0x72, 0x61, 0x67, 0x65, 0x5f, 0x70, 0x6f, 0x6f, 0x6c, 0x69, 0x6e,
    0x67, 0x32, 0x64, 0x5f, 0x31, 0x5f, 0x31, 0x2f, 0x4d, 0x65, 0x61, 0x6e, 0x2f, 0x72, 0x65, 0x64,
    0x75, 0x63, 0x74, 0x69, 0x6f, 0x6e, 0x5f, 0x69, 0x6e, 0x64, 0x69, 0x63, 0x65, 0x73, 0x00, 0x00,
    0x01, 0x00, 0x00, 0x00, 0x02, 0x00, 0x00, 0x00, 0x00, 0x00, 0x16, 0x00, 0x20, 0x00, 0x1c, 0x00,
    0x1b, 0x00, 0x14, 0x00, 0x10, 0x00, 0x0c, 0x00, 0x00, 0x00, 0x00, 0x00, 0x08, 0x00, 0x07, 0x00,
    0x16, 0x00, 0x00, 0x00, 0x00, 0x00, 0x00, 0x01, 0x18, 0x00, 0x00, 0x00, 0x34, 0x00, 0x00, 0x00,
    0x54, 0x00, 0x00, 0x00, 0x01, 0x00, 0x00, 0x00, 0x00, 0x00, 0x00, 0x09, 0x68, 0x00, 0x00, 0x00,
    0x04, 0x00, 0x00, 0x00, 0xff, 0xff, 0xff, 0xff, 0x62, 0x00, 0x00, 0x00, 0x28, 0x00, 0x00, 0x00,
    0x01, 0x00, 0x00, 0x00, 0x0c, 0x00, 0x0c, 0x00, 0x00, 0x00, 0x00, 0x00, 0x08, 0x00, 0x04, 0x00,
    0x0c, 0x00, 0x00, 0x00, 0x08, 0x00, 0x00, 0x00, 0x14, 0x00, 0x00, 0x00, 0x01, 0x00, 0x00, 0x00,
    0xfd, 0xff, 0xff, 0xff, 0xff, 0xff, 0xff, 0xff, 0x00, 0x00, 0x00, 0x00, 0x01, 0x00, 0x00, 0x00,
    0xfa, 0x8b, 0xbc, 0x3c, 0x18, 0x00, 0x00, 0x00, 0x73, 0x65, 0x72, 0x76, 0x69, 0x6e, 0x67, 0x5f,
    0x64, 0x65, 0x66, 0x61, 0x75, 0x6c, 0x74, 0x5f, 0x6c, 0x6f, 0x67, 0x6d, 0x65, 0x6c, 0x3a, 0x30,
    0x00, 0x00, 0x00, 0x00, 0x04, 0x00, 0x00, 0x00, 0x01, 0x00, 0x00, 0x00, 0x62, 0x00, 0x00, 0x00,
    0x28, 0x00, 0x00, 0x00, 0x01, 0x00, 0x00, 0x00, 0x04, 0x00, 0x00, 0x00, 0x4c, 0x00, 0x00, 0x00,
    0x2c, 0x00, 0x00, 0x00, 0x18, 0x00, 0x00, 0x00, 0x04, 0x00, 0x00, 0x00, 0xd0, 0xff, 0xff, 0xff,
    0x09, 0x00, 0x00, 0x00, 0x04, 0x00, 0x00, 0x00, 0x00, 0x00, 0x00, 0x09, 0xe0, 0xff, 0xff, 0xff,
    0x28, 0x00, 0x00, 0x00, 0x02, 0x00, 0x00, 0x00, 0x00, 0x00, 0x00, 0x28, 0xf0, 0xff, 0xff, 0xff,
    0x04, 0x00, 0x00, 0x00, 0x03, 0x00, 0x00, 0x00, 0x00, 0x00, 0x00, 0x04, 0x0c, 0x00, 0x10, 0x00,
    0x0f, 0x00, 0x00, 0x00, 0x08, 0x00, 0x04, 0x00, 0x0c, 0x00, 0x00, 0x00, 0x03, 0x00, 0x00, 0x00,
    0x03, 0x00, 0x00, 0x00, 0x00, 0x00, 0x00, 0x03
};
const unsigned int g_model_s_len = 16008;
